Copyright 1986-2022 Xilinx, Inc. All Rights Reserved. Copyright 2022-2023 Advanced Micro Devices, Inc. All Rights Reserved.
------------------------------------------------------------------------------------------------------------------------------------------------------------------------------------------------------------------------------
| Tool Version : Vivado v.2023.1 (win64) Build 3865809 Sun May  7 15:05:29 MDT 2023
| Date         : Mon Sep  7 21:33:55 2026
| Host         : TABLET-9UARK71U running 64-bit major release  (build 9200)
| Command      : report_timing_summary -max_paths 10 -report_unconstrained -file rgb_led_top_timing_summary_routed.rpt -pb rgb_led_top_timing_summary_routed.pb -rpx rgb_led_top_timing_summary_routed.rpx -warn_on_violation
| Design       : rgb_led_top
| Device       : 7z010-clg400
| Speed File   : -1  PRODUCTION 1.12 2019-11-22
| Design State : Routed
------------------------------------------------------------------------------------------------------------------------------------------------------------------------------------------------------------------------------

Timing Summary Report

------------------------------------------------------------------------------------------------
| Timer Settings
| --------------
------------------------------------------------------------------------------------------------

  Enable Multi Corner Analysis               :  Yes
  Enable Pessimism Removal                   :  Yes
  Pessimism Removal Resolution               :  Nearest Common Node
  Enable Input Delay Default Clock           :  No
  Enable Preset / Clear Arcs                 :  No
  Disable Flight Delays                      :  No
  Ignore I/O Paths                           :  No
  Timing Early Launch at Borrowing Latches   :  No
  Borrow Time for Max Delay Exceptions       :  Yes
  Merge Timing Exceptions                    :  Yes

  Corner  Analyze    Analyze    
  Name    Max Paths  Min Paths  
  ------  ---------  ---------  
  Slow    Yes        Yes        
  Fast    Yes        Yes        


------------------------------------------------------------------------------------------------
| Report Methodology
| ------------------
------------------------------------------------------------------------------------------------

Rule       Severity  Description                    Violations  
---------  --------  -----------------------------  ----------  
TIMING-18  Warning   Missing input or output delay  7           

Note: This report is based on the most recent report_methodology run and may not be up-to-date. Run report_methodology on the current design for the latest report.



check_timing report

Table of Contents
-----------------
1. checking no_clock (0)
2. checking constant_clock (0)
3. checking pulse_width_clock (0)
4. checking unconstrained_internal_endpoints (0)
5. checking no_input_delay (4)
6. checking no_output_delay (3)
7. checking multiple_clock (0)
8. checking generated_clocks (0)
9. checking loops (0)
10. checking partial_input_delay (0)
11. checking partial_output_delay (0)
12. checking latch_loops (0)

1. checking no_clock (0)
------------------------
 There are 0 register/latch pins with no clock.


2. checking constant_clock (0)
------------------------------
 There are 0 register/latch pins with constant_clock.


3. checking pulse_width_clock (0)
---------------------------------
 There are 0 register/latch pins which need pulse_width check


4. checking unconstrained_internal_endpoints (0)
------------------------------------------------
 There are 0 pins that are not constrained for maximum delay.

 There are 0 pins that are not constrained for maximum delay due to constant clock.


5. checking no_input_delay (4)
------------------------------
 There are 4 input ports with no input delay specified. (HIGH)

 There are 0 input ports with no input delay but user has a false path constraint.


6. checking no_output_delay (3)
-------------------------------
 There are 3 ports with no output delay specified. (HIGH)

 There are 0 ports with no output delay but user has a false path constraint

 There are 0 ports with no output delay but with a timing clock defined on it or propagating through it


7. checking multiple_clock (0)
------------------------------
 There are 0 register/latch pins with multiple clocks.


8. checking generated_clocks (0)
--------------------------------
 There are 0 generated clocks that are not connected to a clock source.


9. checking loops (0)
---------------------
 There are 0 combinational loops in the design.


10. checking partial_input_delay (0)
------------------------------------
 There are 0 input ports with partial input delay specified.


11. checking partial_output_delay (0)
-------------------------------------
 There are 0 ports with partial output delay specified.


12. checking latch_loops (0)
----------------------------
 There are 0 combinational latch loops in the design through latch input



------------------------------------------------------------------------------------------------
| Design Timing Summary
| ---------------------
------------------------------------------------------------------------------------------------

    WNS(ns)      TNS(ns)  TNS Failing Endpoints  TNS Total Endpoints      WHS(ns)      THS(ns)  THS Failing Endpoints  THS Total Endpoints     WPWS(ns)     TPWS(ns)  TPWS Failing Endpoints  TPWS Total Endpoints  
    -------      -------  ---------------------  -------------------      -------      -------  ---------------------  -------------------     --------     --------  ----------------------  --------------------  
      3.514        0.000                      0                  195        0.263        0.000                      0                  195        3.500        0.000                       0                   100  


All user specified timing constraints are met.


------------------------------------------------------------------------------------------------
| Clock Summary
| -------------
------------------------------------------------------------------------------------------------

Clock        Waveform(ns)         Period(ns)      Frequency(MHz)
-----        ------------         ----------      --------------
sys_clk_pin  {0.000 4.000}        8.000           125.000         


------------------------------------------------------------------------------------------------
| Intra Clock Table
| -----------------
------------------------------------------------------------------------------------------------

Clock             WNS(ns)      TNS(ns)  TNS Failing Endpoints  TNS Total Endpoints      WHS(ns)      THS(ns)  THS Failing Endpoints  THS Total Endpoints     WPWS(ns)     TPWS(ns)  TPWS Failing Endpoints  TPWS Total Endpoints  
-----             -------      -------  ---------------------  -------------------      -------      -------  ---------------------  -------------------     --------     --------  ----------------------  --------------------  
sys_clk_pin         3.514        0.000                      0                  195        0.263        0.000                      0                  195        3.500        0.000                       0                   100  


------------------------------------------------------------------------------------------------
| Inter Clock Table
| -----------------
------------------------------------------------------------------------------------------------

From Clock    To Clock          WNS(ns)      TNS(ns)  TNS Failing Endpoints  TNS Total Endpoints      WHS(ns)      THS(ns)  THS Failing Endpoints  THS Total Endpoints  
----------    --------          -------      -------  ---------------------  -------------------      -------      -------  ---------------------  -------------------  


------------------------------------------------------------------------------------------------
| Other Path Groups Table
| -----------------------
------------------------------------------------------------------------------------------------

Path Group    From Clock    To Clock          WNS(ns)      TNS(ns)  TNS Failing Endpoints  TNS Total Endpoints      WHS(ns)      THS(ns)  THS Failing Endpoints  THS Total Endpoints  
----------    ----------    --------          -------      -------  ---------------------  -------------------      -------      -------  ---------------------  -------------------  


------------------------------------------------------------------------------------------------
| User Ignored Path Table
| -----------------------
------------------------------------------------------------------------------------------------

Path Group    From Clock    To Clock    
----------    ----------    --------    


------------------------------------------------------------------------------------------------
| Unconstrained Path Table
| ------------------------
------------------------------------------------------------------------------------------------

Path Group    From Clock    To Clock    
----------    ----------    --------    
(none)        sys_clk_pin                 
(none)                      sys_clk_pin   


------------------------------------------------------------------------------------------------
| Timing Details
| --------------
------------------------------------------------------------------------------------------------


---------------------------------------------------------------------------------------------------
From Clock:  sys_clk_pin
  To Clock:  sys_clk_pin

Setup :            0  Failing Endpoints,  Worst Slack        3.514ns,  Total Violation        0.000ns
Hold  :            0  Failing Endpoints,  Worst Slack        0.263ns,  Total Violation        0.000ns
PW    :            0  Failing Endpoints,  Worst Slack        3.500ns,  Total Violation        0.000ns
---------------------------------------------------------------------------------------------------


Max Delay Paths
--------------------------------------------------------------------------------------
Slack (MET) :             3.514ns  (required time - arrival time)
  Source:                 green_led/clk_cnt_reg[24]/C
                            (rising edge-triggered cell FDRE clocked by sys_clk_pin  {rise@0.000ns fall@4.000ns period=8.000ns})
  Destination:            green_led/clk_cnt_reg[28]/R
                            (rising edge-triggered cell FDRE clocked by sys_clk_pin  {rise@0.000ns fall@4.000ns period=8.000ns})
  Path Group:             sys_clk_pin
  Path Type:              Setup (Max at Slow Process Corner)
  Requirement:            8.000ns  (sys_clk_pin rise@8.000ns - sys_clk_pin rise@0.000ns)
  Data Path Delay:        3.996ns  (logic 0.828ns (20.719%)  route 3.168ns (79.281%))
  Logic Levels:           3  (LUT4=1 LUT5=2)
  Clock Path Skew:        -0.025ns (DCD - SCD + CPR)
    Destination Clock Delay (DCD):    4.953ns = ( 12.953 - 8.000 ) 
    Source Clock Delay      (SCD):    5.407ns
    Clock Pessimism Removal (CPR):    0.429ns
  Clock Uncertainty:      0.035ns  ((TSJ^2 + TIJ^2)^1/2 + DJ) / 2 + PE
    Total System Jitter     (TSJ):    0.071ns
    Total Input Jitter      (TIJ):    0.000ns
    Discrete Jitter          (DJ):    0.000ns
    Phase Error              (PE):    0.000ns

    Location             Delay type                Incr(ns)  Path(ns)    Netlist Resource(s)
  -------------------------------------------------------------------    -------------------
                         (clock sys_clk_pin rise edge)
                                                      0.000     0.000 r  
    K17                                               0.000     0.000 r  sys_clk (IN)
                         net (fo=0)                   0.000     0.000    sys_clk
    K17                  IBUF (Prop_ibuf_I_O)         1.492     1.492 r  sys_clk_IBUF_inst/O
                         net (fo=1, routed)           2.076     3.568    sys_clk_IBUF
    BUFGCTRL_X0Y16       BUFG (Prop_bufg_I_O)         0.101     3.669 r  sys_clk_IBUF_BUFG_inst/O
                         net (fo=99, routed)          1.738     5.407    green_led/sys_clk_IBUF_BUFG
    SLICE_X40Y89         FDRE                                         r  green_led/clk_cnt_reg[24]/C
  -------------------------------------------------------------------    -------------------
    SLICE_X40Y89         FDRE (Prop_fdre_C_Q)         0.456     5.863 r  green_led/clk_cnt_reg[24]/Q
                         net (fo=2, routed)           0.972     6.835    green_led/clk_cnt_reg[24]
    SLICE_X41Y86         LUT4 (Prop_lut4_I2_O)        0.124     6.959 f  green_led/clk_cnt[0]_i_9__0/O
                         net (fo=1, routed)           0.665     7.624    green_led/clk_cnt[0]_i_9__0_n_0
    SLICE_X41Y86         LUT5 (Prop_lut5_I4_O)        0.124     7.748 f  green_led/clk_cnt[0]_i_4__0/O
                         net (fo=2, routed)           0.646     8.393    green_led/clk_cnt[0]_i_4__0_n_0
    SLICE_X41Y87         LUT5 (Prop_lut5_I1_O)        0.124     8.517 r  green_led/clk_cnt[0]_i_1__0/O
                         net (fo=32, routed)          0.886     9.403    green_led/clk_cnt[0]_i_1__0_n_0
    SLICE_X40Y90         FDRE                                         r  green_led/clk_cnt_reg[28]/R
  -------------------------------------------------------------------    -------------------

                         (clock sys_clk_pin rise edge)
                                                      8.000     8.000 r  
    K17                                               0.000     8.000 r  sys_clk (IN)
                         net (fo=0)                   0.000     8.000    sys_clk
    K17                  IBUF (Prop_ibuf_I_O)         1.421     9.421 r  sys_clk_IBUF_inst/O
                         net (fo=1, routed)           1.880    11.301    sys_clk_IBUF
    BUFGCTRL_X0Y16       BUFG (Prop_bufg_I_O)         0.091    11.392 r  sys_clk_IBUF_BUFG_inst/O
                         net (fo=99, routed)          1.561    12.953    green_led/sys_clk_IBUF_BUFG
    SLICE_X40Y90         FDRE                                         r  green_led/clk_cnt_reg[28]/C
                         clock pessimism              0.429    13.382    
                         clock uncertainty           -0.035    13.346    
    SLICE_X40Y90         FDRE (Setup_fdre_C_R)       -0.429    12.917    green_led/clk_cnt_reg[28]
  -------------------------------------------------------------------
                         required time                         12.917    
                         arrival time                          -9.403    
  -------------------------------------------------------------------
                         slack                                  3.514    

Slack (MET) :             3.514ns  (required time - arrival time)
  Source:                 green_led/clk_cnt_reg[24]/C
                            (rising edge-triggered cell FDRE clocked by sys_clk_pin  {rise@0.000ns fall@4.000ns period=8.000ns})
  Destination:            green_led/clk_cnt_reg[29]/R
                            (rising edge-triggered cell FDRE clocked by sys_clk_pin  {rise@0.000ns fall@4.000ns period=8.000ns})
  Path Group:             sys_clk_pin
  Path Type:              Setup (Max at Slow Process Corner)
  Requirement:            8.000ns  (sys_clk_pin rise@8.000ns - sys_clk_pin rise@0.000ns)
  Data Path Delay:        3.996ns  (logic 0.828ns (20.719%)  route 3.168ns (79.281%))
  Logic Levels:           3  (LUT4=1 LUT5=2)
  Clock Path Skew:        -0.025ns (DCD - SCD + CPR)
    Destination Clock Delay (DCD):    4.953ns = ( 12.953 - 8.000 ) 
    Source Clock Delay      (SCD):    5.407ns
    Clock Pessimism Removal (CPR):    0.429ns
  Clock Uncertainty:      0.035ns  ((TSJ^2 + TIJ^2)^1/2 + DJ) / 2 + PE
    Total System Jitter     (TSJ):    0.071ns
    Total Input Jitter      (TIJ):    0.000ns
    Discrete Jitter          (DJ):    0.000ns
    Phase Error              (PE):    0.000ns

    Location             Delay type                Incr(ns)  Path(ns)    Netlist Resource(s)
  -------------------------------------------------------------------    -------------------
                         (clock sys_clk_pin rise edge)
                                                      0.000     0.000 r  
    K17                                               0.000     0.000 r  sys_clk (IN)
                         net (fo=0)                   0.000     0.000    sys_clk
    K17                  IBUF (Prop_ibuf_I_O)         1.492     1.492 r  sys_clk_IBUF_inst/O
                         net (fo=1, routed)           2.076     3.568    sys_clk_IBUF
    BUFGCTRL_X0Y16       BUFG (Prop_bufg_I_O)         0.101     3.669 r  sys_clk_IBUF_BUFG_inst/O
                         net (fo=99, routed)          1.738     5.407    green_led/sys_clk_IBUF_BUFG
    SLICE_X40Y89         FDRE                                         r  green_led/clk_cnt_reg[24]/C
  -------------------------------------------------------------------    -------------------
    SLICE_X40Y89         FDRE (Prop_fdre_C_Q)         0.456     5.863 r  green_led/clk_cnt_reg[24]/Q
                         net (fo=2, routed)           0.972     6.835    green_led/clk_cnt_reg[24]
    SLICE_X41Y86         LUT4 (Prop_lut4_I2_O)        0.124     6.959 f  green_led/clk_cnt[0]_i_9__0/O
                         net (fo=1, routed)           0.665     7.624    green_led/clk_cnt[0]_i_9__0_n_0
    SLICE_X41Y86         LUT5 (Prop_lut5_I4_O)        0.124     7.748 f  green_led/clk_cnt[0]_i_4__0/O
                         net (fo=2, routed)           0.646     8.393    green_led/clk_cnt[0]_i_4__0_n_0
    SLICE_X41Y87         LUT5 (Prop_lut5_I1_O)        0.124     8.517 r  green_led/clk_cnt[0]_i_1__0/O
                         net (fo=32, routed)          0.886     9.403    green_led/clk_cnt[0]_i_1__0_n_0
    SLICE_X40Y90         FDRE                                         r  green_led/clk_cnt_reg[29]/R
  -------------------------------------------------------------------    -------------------

                         (clock sys_clk_pin rise edge)
                                                      8.000     8.000 r  
    K17                                               0.000     8.000 r  sys_clk (IN)
                         net (fo=0)                   0.000     8.000    sys_clk
    K17                  IBUF (Prop_ibuf_I_O)         1.421     9.421 r  sys_clk_IBUF_inst/O
                         net (fo=1, routed)           1.880    11.301    sys_clk_IBUF
    BUFGCTRL_X0Y16       BUFG (Prop_bufg_I_O)         0.091    11.392 r  sys_clk_IBUF_BUFG_inst/O
                         net (fo=99, routed)          1.561    12.953    green_led/sys_clk_IBUF_BUFG
    SLICE_X40Y90         FDRE                                         r  green_led/clk_cnt_reg[29]/C
                         clock pessimism              0.429    13.382    
                         clock uncertainty           -0.035    13.346    
    SLICE_X40Y90         FDRE (Setup_fdre_C_R)       -0.429    12.917    green_led/clk_cnt_reg[29]
  -------------------------------------------------------------------
                         required time                         12.917    
                         arrival time                          -9.403    
  -------------------------------------------------------------------
                         slack                                  3.514    

Slack (MET) :             3.514ns  (required time - arrival time)
  Source:                 green_led/clk_cnt_reg[24]/C
                            (rising edge-triggered cell FDRE clocked by sys_clk_pin  {rise@0.000ns fall@4.000ns period=8.000ns})
  Destination:            green_led/clk_cnt_reg[30]/R
                            (rising edge-triggered cell FDRE clocked by sys_clk_pin  {rise@0.000ns fall@4.000ns period=8.000ns})
  Path Group:             sys_clk_pin
  Path Type:              Setup (Max at Slow Process Corner)
  Requirement:            8.000ns  (sys_clk_pin rise@8.000ns - sys_clk_pin rise@0.000ns)
  Data Path Delay:        3.996ns  (logic 0.828ns (20.719%)  route 3.168ns (79.281%))
  Logic Levels:           3  (LUT4=1 LUT5=2)
  Clock Path Skew:        -0.025ns (DCD - SCD + CPR)
    Destination Clock Delay (DCD):    4.953ns = ( 12.953 - 8.000 ) 
    Source Clock Delay      (SCD):    5.407ns
    Clock Pessimism Removal (CPR):    0.429ns
  Clock Uncertainty:      0.035ns  ((TSJ^2 + TIJ^2)^1/2 + DJ) / 2 + PE
    Total System Jitter     (TSJ):    0.071ns
    Total Input Jitter      (TIJ):    0.000ns
    Discrete Jitter          (DJ):    0.000ns
    Phase Error              (PE):    0.000ns

    Location             Delay type                Incr(ns)  Path(ns)    Netlist Resource(s)
  -------------------------------------------------------------------    -------------------
                         (clock sys_clk_pin rise edge)
                                                      0.000     0.000 r  
    K17                                               0.000     0.000 r  sys_clk (IN)
                         net (fo=0)                   0.000     0.000    sys_clk
    K17                  IBUF (Prop_ibuf_I_O)         1.492     1.492 r  sys_clk_IBUF_inst/O
                         net (fo=1, routed)           2.076     3.568    sys_clk_IBUF
    BUFGCTRL_X0Y16       BUFG (Prop_bufg_I_O)         0.101     3.669 r  sys_clk_IBUF_BUFG_inst/O
                         net (fo=99, routed)          1.738     5.407    green_led/sys_clk_IBUF_BUFG
    SLICE_X40Y89         FDRE                                         r  green_led/clk_cnt_reg[24]/C
  -------------------------------------------------------------------    -------------------
    SLICE_X40Y89         FDRE (Prop_fdre_C_Q)         0.456     5.863 r  green_led/clk_cnt_reg[24]/Q
                         net (fo=2, routed)           0.972     6.835    green_led/clk_cnt_reg[24]
    SLICE_X41Y86         LUT4 (Prop_lut4_I2_O)        0.124     6.959 f  green_led/clk_cnt[0]_i_9__0/O
                         net (fo=1, routed)           0.665     7.624    green_led/clk_cnt[0]_i_9__0_n_0
    SLICE_X41Y86         LUT5 (Prop_lut5_I4_O)        0.124     7.748 f  green_led/clk_cnt[0]_i_4__0/O
                         net (fo=2, routed)           0.646     8.393    green_led/clk_cnt[0]_i_4__0_n_0
    SLICE_X41Y87         LUT5 (Prop_lut5_I1_O)        0.124     8.517 r  green_led/clk_cnt[0]_i_1__0/O
                         net (fo=32, routed)          0.886     9.403    green_led/clk_cnt[0]_i_1__0_n_0
    SLICE_X40Y90         FDRE                                         r  green_led/clk_cnt_reg[30]/R
  -------------------------------------------------------------------    -------------------

                         (clock sys_clk_pin rise edge)
                                                      8.000     8.000 r  
    K17                                               0.000     8.000 r  sys_clk (IN)
                         net (fo=0)                   0.000     8.000    sys_clk
    K17                  IBUF (Prop_ibuf_I_O)         1.421     9.421 r  sys_clk_IBUF_inst/O
                         net (fo=1, routed)           1.880    11.301    sys_clk_IBUF
    BUFGCTRL_X0Y16       BUFG (Prop_bufg_I_O)         0.091    11.392 r  sys_clk_IBUF_BUFG_inst/O
                         net (fo=99, routed)          1.561    12.953    green_led/sys_clk_IBUF_BUFG
    SLICE_X40Y90         FDRE                                         r  green_led/clk_cnt_reg[30]/C
                         clock pessimism              0.429    13.382    
                         clock uncertainty           -0.035    13.346    
    SLICE_X40Y90         FDRE (Setup_fdre_C_R)       -0.429    12.917    green_led/clk_cnt_reg[30]
  -------------------------------------------------------------------
                         required time                         12.917    
                         arrival time                          -9.403    
  -------------------------------------------------------------------
                         slack                                  3.514    

Slack (MET) :             3.514ns  (required time - arrival time)
  Source:                 green_led/clk_cnt_reg[24]/C
                            (rising edge-triggered cell FDRE clocked by sys_clk_pin  {rise@0.000ns fall@4.000ns period=8.000ns})
  Destination:            green_led/clk_cnt_reg[31]/R
                            (rising edge-triggered cell FDRE clocked by sys_clk_pin  {rise@0.000ns fall@4.000ns period=8.000ns})
  Path Group:             sys_clk_pin
  Path Type:              Setup (Max at Slow Process Corner)
  Requirement:            8.000ns  (sys_clk_pin rise@8.000ns - sys_clk_pin rise@0.000ns)
  Data Path Delay:        3.996ns  (logic 0.828ns (20.719%)  route 3.168ns (79.281%))
  Logic Levels:           3  (LUT4=1 LUT5=2)
  Clock Path Skew:        -0.025ns (DCD - SCD + CPR)
    Destination Clock Delay (DCD):    4.953ns = ( 12.953 - 8.000 ) 
    Source Clock Delay      (SCD):    5.407ns
    Clock Pessimism Removal (CPR):    0.429ns
  Clock Uncertainty:      0.035ns  ((TSJ^2 + TIJ^2)^1/2 + DJ) / 2 + PE
    Total System Jitter     (TSJ):    0.071ns
    Total Input Jitter      (TIJ):    0.000ns
    Discrete Jitter          (DJ):    0.000ns
    Phase Error              (PE):    0.000ns

    Location             Delay type                Incr(ns)  Path(ns)    Netlist Resource(s)
  -------------------------------------------------------------------    -------------------
                         (clock sys_clk_pin rise edge)
                                                      0.000     0.000 r  
    K17                                               0.000     0.000 r  sys_clk (IN)
                         net (fo=0)                   0.000     0.000    sys_clk
    K17                  IBUF (Prop_ibuf_I_O)         1.492     1.492 r  sys_clk_IBUF_inst/O
                         net (fo=1, routed)           2.076     3.568    sys_clk_IBUF
    BUFGCTRL_X0Y16       BUFG (Prop_bufg_I_O)         0.101     3.669 r  sys_clk_IBUF_BUFG_inst/O
                         net (fo=99, routed)          1.738     5.407    green_led/sys_clk_IBUF_BUFG
    SLICE_X40Y89         FDRE                                         r  green_led/clk_cnt_reg[24]/C
  -------------------------------------------------------------------    -------------------
    SLICE_X40Y89         FDRE (Prop_fdre_C_Q)         0.456     5.863 r  green_led/clk_cnt_reg[24]/Q
                         net (fo=2, routed)           0.972     6.835    green_led/clk_cnt_reg[24]
    SLICE_X41Y86         LUT4 (Prop_lut4_I2_O)        0.124     6.959 f  green_led/clk_cnt[0]_i_9__0/O
                         net (fo=1, routed)           0.665     7.624    green_led/clk_cnt[0]_i_9__0_n_0
    SLICE_X41Y86         LUT5 (Prop_lut5_I4_O)        0.124     7.748 f  green_led/clk_cnt[0]_i_4__0/O
                         net (fo=2, routed)           0.646     8.393    green_led/clk_cnt[0]_i_4__0_n_0
    SLICE_X41Y87         LUT5 (Prop_lut5_I1_O)        0.124     8.517 r  green_led/clk_cnt[0]_i_1__0/O
                         net (fo=32, routed)          0.886     9.403    green_led/clk_cnt[0]_i_1__0_n_0
    SLICE_X40Y90         FDRE                                         r  green_led/clk_cnt_reg[31]/R
  -------------------------------------------------------------------    -------------------

                         (clock sys_clk_pin rise edge)
                                                      8.000     8.000 r  
    K17                                               0.000     8.000 r  sys_clk (IN)
                         net (fo=0)                   0.000     8.000    sys_clk
    K17                  IBUF (Prop_ibuf_I_O)         1.421     9.421 r  sys_clk_IBUF_inst/O
                         net (fo=1, routed)           1.880    11.301    sys_clk_IBUF
    BUFGCTRL_X0Y16       BUFG (Prop_bufg_I_O)         0.091    11.392 r  sys_clk_IBUF_BUFG_inst/O
                         net (fo=99, routed)          1.561    12.953    green_led/sys_clk_IBUF_BUFG
    SLICE_X40Y90         FDRE                                         r  green_led/clk_cnt_reg[31]/C
                         clock pessimism              0.429    13.382    
                         clock uncertainty           -0.035    13.346    
    SLICE_X40Y90         FDRE (Setup_fdre_C_R)       -0.429    12.917    green_led/clk_cnt_reg[31]
  -------------------------------------------------------------------
                         required time                         12.917    
                         arrival time                          -9.403    
  -------------------------------------------------------------------
                         slack                                  3.514    

Slack (MET) :             3.578ns  (required time - arrival time)
  Source:                 green_led/clk_cnt_reg[24]/C
                            (rising edge-triggered cell FDRE clocked by sys_clk_pin  {rise@0.000ns fall@4.000ns period=8.000ns})
  Destination:            green_led/clk_cnt_reg[0]/R
                            (rising edge-triggered cell FDRE clocked by sys_clk_pin  {rise@0.000ns fall@4.000ns period=8.000ns})
  Path Group:             sys_clk_pin
  Path Type:              Setup (Max at Slow Process Corner)
  Requirement:            8.000ns  (sys_clk_pin rise@8.000ns - sys_clk_pin rise@0.000ns)
  Data Path Delay:        3.927ns  (logic 0.828ns (21.083%)  route 3.099ns (78.917%))
  Logic Levels:           3  (LUT4=1 LUT5=2)
  Clock Path Skew:        -0.030ns (DCD - SCD + CPR)
    Destination Clock Delay (DCD):    4.948ns = ( 12.948 - 8.000 ) 
    Source Clock Delay      (SCD):    5.407ns
    Clock Pessimism Removal (CPR):    0.429ns
  Clock Uncertainty:      0.035ns  ((TSJ^2 + TIJ^2)^1/2 + DJ) / 2 + PE
    Total System Jitter     (TSJ):    0.071ns
    Total Input Jitter      (TIJ):    0.000ns
    Discrete Jitter          (DJ):    0.000ns
    Phase Error              (PE):    0.000ns

    Location             Delay type                Incr(ns)  Path(ns)    Netlist Resource(s)
  -------------------------------------------------------------------    -------------------
                         (clock sys_clk_pin rise edge)
                                                      0.000     0.000 r  
    K17                                               0.000     0.000 r  sys_clk (IN)
                         net (fo=0)                   0.000     0.000    sys_clk
    K17                  IBUF (Prop_ibuf_I_O)         1.492     1.492 r  sys_clk_IBUF_inst/O
                         net (fo=1, routed)           2.076     3.568    sys_clk_IBUF
    BUFGCTRL_X0Y16       BUFG (Prop_bufg_I_O)         0.101     3.669 r  sys_clk_IBUF_BUFG_inst/O
                         net (fo=99, routed)          1.738     5.407    green_led/sys_clk_IBUF_BUFG
    SLICE_X40Y89         FDRE                                         r  green_led/clk_cnt_reg[24]/C
  -------------------------------------------------------------------    -------------------
    SLICE_X40Y89         FDRE (Prop_fdre_C_Q)         0.456     5.863 r  green_led/clk_cnt_reg[24]/Q
                         net (fo=2, routed)           0.972     6.835    green_led/clk_cnt_reg[24]
    SLICE_X41Y86         LUT4 (Prop_lut4_I2_O)        0.124     6.959 f  green_led/clk_cnt[0]_i_9__0/O
                         net (fo=1, routed)           0.665     7.624    green_led/clk_cnt[0]_i_9__0_n_0
    SLICE_X41Y86         LUT5 (Prop_lut5_I4_O)        0.124     7.748 f  green_led/clk_cnt[0]_i_4__0/O
                         net (fo=2, routed)           0.646     8.393    green_led/clk_cnt[0]_i_4__0_n_0
    SLICE_X41Y87         LUT5 (Prop_lut5_I1_O)        0.124     8.517 r  green_led/clk_cnt[0]_i_1__0/O
                         net (fo=32, routed)          0.817     9.334    green_led/clk_cnt[0]_i_1__0_n_0
    SLICE_X40Y83         FDRE                                         r  green_led/clk_cnt_reg[0]/R
  -------------------------------------------------------------------    -------------------

                         (clock sys_clk_pin rise edge)
                                                      8.000     8.000 r  
    K17                                               0.000     8.000 r  sys_clk (IN)
                         net (fo=0)                   0.000     8.000    sys_clk
    K17                  IBUF (Prop_ibuf_I_O)         1.421     9.421 r  sys_clk_IBUF_inst/O
                         net (fo=1, routed)           1.880    11.301    sys_clk_IBUF
    BUFGCTRL_X0Y16       BUFG (Prop_bufg_I_O)         0.091    11.392 r  sys_clk_IBUF_BUFG_inst/O
                         net (fo=99, routed)          1.556    12.948    green_led/sys_clk_IBUF_BUFG
    SLICE_X40Y83         FDRE                                         r  green_led/clk_cnt_reg[0]/C
                         clock pessimism              0.429    13.377    
                         clock uncertainty           -0.035    13.341    
    SLICE_X40Y83         FDRE (Setup_fdre_C_R)       -0.429    12.912    green_led/clk_cnt_reg[0]
  -------------------------------------------------------------------
                         required time                         12.912    
                         arrival time                          -9.334    
  -------------------------------------------------------------------
                         slack                                  3.578    

Slack (MET) :             3.578ns  (required time - arrival time)
  Source:                 green_led/clk_cnt_reg[24]/C
                            (rising edge-triggered cell FDRE clocked by sys_clk_pin  {rise@0.000ns fall@4.000ns period=8.000ns})
  Destination:            green_led/clk_cnt_reg[1]/R
                            (rising edge-triggered cell FDRE clocked by sys_clk_pin  {rise@0.000ns fall@4.000ns period=8.000ns})
  Path Group:             sys_clk_pin
  Path Type:              Setup (Max at Slow Process Corner)
  Requirement:            8.000ns  (sys_clk_pin rise@8.000ns - sys_clk_pin rise@0.000ns)
  Data Path Delay:        3.927ns  (logic 0.828ns (21.083%)  route 3.099ns (78.917%))
  Logic Levels:           3  (LUT4=1 LUT5=2)
  Clock Path Skew:        -0.030ns (DCD - SCD + CPR)
    Destination Clock Delay (DCD):    4.948ns = ( 12.948 - 8.000 ) 
    Source Clock Delay      (SCD):    5.407ns
    Clock Pessimism Removal (CPR):    0.429ns
  Clock Uncertainty:      0.035ns  ((TSJ^2 + TIJ^2)^1/2 + DJ) / 2 + PE
    Total System Jitter     (TSJ):    0.071ns
    Total Input Jitter      (TIJ):    0.000ns
    Discrete Jitter          (DJ):    0.000ns
    Phase Error              (PE):    0.000ns

    Location             Delay type                Incr(ns)  Path(ns)    Netlist Resource(s)
  -------------------------------------------------------------------    -------------------
                         (clock sys_clk_pin rise edge)
                                                      0.000     0.000 r  
    K17                                               0.000     0.000 r  sys_clk (IN)
                         net (fo=0)                   0.000     0.000    sys_clk
    K17                  IBUF (Prop_ibuf_I_O)         1.492     1.492 r  sys_clk_IBUF_inst/O
                         net (fo=1, routed)           2.076     3.568    sys_clk_IBUF
    BUFGCTRL_X0Y16       BUFG (Prop_bufg_I_O)         0.101     3.669 r  sys_clk_IBUF_BUFG_inst/O
                         net (fo=99, routed)          1.738     5.407    green_led/sys_clk_IBUF_BUFG
    SLICE_X40Y89         FDRE                                         r  green_led/clk_cnt_reg[24]/C
  -------------------------------------------------------------------    -------------------
    SLICE_X40Y89         FDRE (Prop_fdre_C_Q)         0.456     5.863 r  green_led/clk_cnt_reg[24]/Q
                         net (fo=2, routed)           0.972     6.835    green_led/clk_cnt_reg[24]
    SLICE_X41Y86         LUT4 (Prop_lut4_I2_O)        0.124     6.959 f  green_led/clk_cnt[0]_i_9__0/O
                         net (fo=1, routed)           0.665     7.624    green_led/clk_cnt[0]_i_9__0_n_0
    SLICE_X41Y86         LUT5 (Prop_lut5_I4_O)        0.124     7.748 f  green_led/clk_cnt[0]_i_4__0/O
                         net (fo=2, routed)           0.646     8.393    green_led/clk_cnt[0]_i_4__0_n_0
    SLICE_X41Y87         LUT5 (Prop_lut5_I1_O)        0.124     8.517 r  green_led/clk_cnt[0]_i_1__0/O
                         net (fo=32, routed)          0.817     9.334    green_led/clk_cnt[0]_i_1__0_n_0
    SLICE_X40Y83         FDRE                                         r  green_led/clk_cnt_reg[1]/R
  -------------------------------------------------------------------    -------------------

                         (clock sys_clk_pin rise edge)
                                                      8.000     8.000 r  
    K17                                               0.000     8.000 r  sys_clk (IN)
                         net (fo=0)                   0.000     8.000    sys_clk
    K17                  IBUF (Prop_ibuf_I_O)         1.421     9.421 r  sys_clk_IBUF_inst/O
                         net (fo=1, routed)           1.880    11.301    sys_clk_IBUF
    BUFGCTRL_X0Y16       BUFG (Prop_bufg_I_O)         0.091    11.392 r  sys_clk_IBUF_BUFG_inst/O
                         net (fo=99, routed)          1.556    12.948    green_led/sys_clk_IBUF_BUFG
    SLICE_X40Y83         FDRE                                         r  green_led/clk_cnt_reg[1]/C
                         clock pessimism              0.429    13.377    
                         clock uncertainty           -0.035    13.341    
    SLICE_X40Y83         FDRE (Setup_fdre_C_R)       -0.429    12.912    green_led/clk_cnt_reg[1]
  -------------------------------------------------------------------
                         required time                         12.912    
                         arrival time                          -9.334    
  -------------------------------------------------------------------
                         slack                                  3.578    

Slack (MET) :             3.578ns  (required time - arrival time)
  Source:                 green_led/clk_cnt_reg[24]/C
                            (rising edge-triggered cell FDRE clocked by sys_clk_pin  {rise@0.000ns fall@4.000ns period=8.000ns})
  Destination:            green_led/clk_cnt_reg[2]/R
                            (rising edge-triggered cell FDRE clocked by sys_clk_pin  {rise@0.000ns fall@4.000ns period=8.000ns})
  Path Group:             sys_clk_pin
  Path Type:              Setup (Max at Slow Process Corner)
  Requirement:            8.000ns  (sys_clk_pin rise@8.000ns - sys_clk_pin rise@0.000ns)
  Data Path Delay:        3.927ns  (logic 0.828ns (21.083%)  route 3.099ns (78.917%))
  Logic Levels:           3  (LUT4=1 LUT5=2)
  Clock Path Skew:        -0.030ns (DCD - SCD + CPR)
    Destination Clock Delay (DCD):    4.948ns = ( 12.948 - 8.000 ) 
    Source Clock Delay      (SCD):    5.407ns
    Clock Pessimism Removal (CPR):    0.429ns
  Clock Uncertainty:      0.035ns  ((TSJ^2 + TIJ^2)^1/2 + DJ) / 2 + PE
    Total System Jitter     (TSJ):    0.071ns
    Total Input Jitter      (TIJ):    0.000ns
    Discrete Jitter          (DJ):    0.000ns
    Phase Error              (PE):    0.000ns

    Location             Delay type                Incr(ns)  Path(ns)    Netlist Resource(s)
  -------------------------------------------------------------------    -------------------
                         (clock sys_clk_pin rise edge)
                                                      0.000     0.000 r  
    K17                                               0.000     0.000 r  sys_clk (IN)
                         net (fo=0)                   0.000     0.000    sys_clk
    K17                  IBUF (Prop_ibuf_I_O)         1.492     1.492 r  sys_clk_IBUF_inst/O
                         net (fo=1, routed)           2.076     3.568    sys_clk_IBUF
    BUFGCTRL_X0Y16       BUFG (Prop_bufg_I_O)         0.101     3.669 r  sys_clk_IBUF_BUFG_inst/O
                         net (fo=99, routed)          1.738     5.407    green_led/sys_clk_IBUF_BUFG
    SLICE_X40Y89         FDRE                                         r  green_led/clk_cnt_reg[24]/C
  -------------------------------------------------------------------    -------------------
    SLICE_X40Y89         FDRE (Prop_fdre_C_Q)         0.456     5.863 r  green_led/clk_cnt_reg[24]/Q
                         net (fo=2, routed)           0.972     6.835    green_led/clk_cnt_reg[24]
    SLICE_X41Y86         LUT4 (Prop_lut4_I2_O)        0.124     6.959 f  green_led/clk_cnt[0]_i_9__0/O
                         net (fo=1, routed)           0.665     7.624    green_led/clk_cnt[0]_i_9__0_n_0
    SLICE_X41Y86         LUT5 (Prop_lut5_I4_O)        0.124     7.748 f  green_led/clk_cnt[0]_i_4__0/O
                         net (fo=2, routed)           0.646     8.393    green_led/clk_cnt[0]_i_4__0_n_0
    SLICE_X41Y87         LUT5 (Prop_lut5_I1_O)        0.124     8.517 r  green_led/clk_cnt[0]_i_1__0/O
                         net (fo=32, routed)          0.817     9.334    green_led/clk_cnt[0]_i_1__0_n_0
    SLICE_X40Y83         FDRE                                         r  green_led/clk_cnt_reg[2]/R
  -------------------------------------------------------------------    -------------------

                         (clock sys_clk_pin rise edge)
                                                      8.000     8.000 r  
    K17                                               0.000     8.000 r  sys_clk (IN)
                         net (fo=0)                   0.000     8.000    sys_clk
    K17                  IBUF (Prop_ibuf_I_O)         1.421     9.421 r  sys_clk_IBUF_inst/O
                         net (fo=1, routed)           1.880    11.301    sys_clk_IBUF
    BUFGCTRL_X0Y16       BUFG (Prop_bufg_I_O)         0.091    11.392 r  sys_clk_IBUF_BUFG_inst/O
                         net (fo=99, routed)          1.556    12.948    green_led/sys_clk_IBUF_BUFG
    SLICE_X40Y83         FDRE                                         r  green_led/clk_cnt_reg[2]/C
                         clock pessimism              0.429    13.377    
                         clock uncertainty           -0.035    13.341    
    SLICE_X40Y83         FDRE (Setup_fdre_C_R)       -0.429    12.912    green_led/clk_cnt_reg[2]
  -------------------------------------------------------------------
                         required time                         12.912    
                         arrival time                          -9.334    
  -------------------------------------------------------------------
                         slack                                  3.578    

Slack (MET) :             3.578ns  (required time - arrival time)
  Source:                 green_led/clk_cnt_reg[24]/C
                            (rising edge-triggered cell FDRE clocked by sys_clk_pin  {rise@0.000ns fall@4.000ns period=8.000ns})
  Destination:            green_led/clk_cnt_reg[3]/R
                            (rising edge-triggered cell FDRE clocked by sys_clk_pin  {rise@0.000ns fall@4.000ns period=8.000ns})
  Path Group:             sys_clk_pin
  Path Type:              Setup (Max at Slow Process Corner)
  Requirement:            8.000ns  (sys_clk_pin rise@8.000ns - sys_clk_pin rise@0.000ns)
  Data Path Delay:        3.927ns  (logic 0.828ns (21.083%)  route 3.099ns (78.917%))
  Logic Levels:           3  (LUT4=1 LUT5=2)
  Clock Path Skew:        -0.030ns (DCD - SCD + CPR)
    Destination Clock Delay (DCD):    4.948ns = ( 12.948 - 8.000 ) 
    Source Clock Delay      (SCD):    5.407ns
    Clock Pessimism Removal (CPR):    0.429ns
  Clock Uncertainty:      0.035ns  ((TSJ^2 + TIJ^2)^1/2 + DJ) / 2 + PE
    Total System Jitter     (TSJ):    0.071ns
    Total Input Jitter      (TIJ):    0.000ns
    Discrete Jitter          (DJ):    0.000ns
    Phase Error              (PE):    0.000ns

    Location             Delay type                Incr(ns)  Path(ns)    Netlist Resource(s)
  -------------------------------------------------------------------    -------------------
                         (clock sys_clk_pin rise edge)
                                                      0.000     0.000 r  
    K17                                               0.000     0.000 r  sys_clk (IN)
                         net (fo=0)                   0.000     0.000    sys_clk
    K17                  IBUF (Prop_ibuf_I_O)         1.492     1.492 r  sys_clk_IBUF_inst/O
                         net (fo=1, routed)           2.076     3.568    sys_clk_IBUF
    BUFGCTRL_X0Y16       BUFG (Prop_bufg_I_O)         0.101     3.669 r  sys_clk_IBUF_BUFG_inst/O
                         net (fo=99, routed)          1.738     5.407    green_led/sys_clk_IBUF_BUFG
    SLICE_X40Y89         FDRE                                         r  green_led/clk_cnt_reg[24]/C
  -------------------------------------------------------------------    -------------------
    SLICE_X40Y89         FDRE (Prop_fdre_C_Q)         0.456     5.863 r  green_led/clk_cnt_reg[24]/Q
                         net (fo=2, routed)           0.972     6.835    green_led/clk_cnt_reg[24]
    SLICE_X41Y86         LUT4 (Prop_lut4_I2_O)        0.124     6.959 f  green_led/clk_cnt[0]_i_9__0/O
                         net (fo=1, routed)           0.665     7.624    green_led/clk_cnt[0]_i_9__0_n_0
    SLICE_X41Y86         LUT5 (Prop_lut5_I4_O)        0.124     7.748 f  green_led/clk_cnt[0]_i_4__0/O
                         net (fo=2, routed)           0.646     8.393    green_led/clk_cnt[0]_i_4__0_n_0
    SLICE_X41Y87         LUT5 (Prop_lut5_I1_O)        0.124     8.517 r  green_led/clk_cnt[0]_i_1__0/O
                         net (fo=32, routed)          0.817     9.334    green_led/clk_cnt[0]_i_1__0_n_0
    SLICE_X40Y83         FDRE                                         r  green_led/clk_cnt_reg[3]/R
  -------------------------------------------------------------------    -------------------

                         (clock sys_clk_pin rise edge)
                                                      8.000     8.000 r  
    K17                                               0.000     8.000 r  sys_clk (IN)
                         net (fo=0)                   0.000     8.000    sys_clk
    K17                  IBUF (Prop_ibuf_I_O)         1.421     9.421 r  sys_clk_IBUF_inst/O
                         net (fo=1, routed)           1.880    11.301    sys_clk_IBUF
    BUFGCTRL_X0Y16       BUFG (Prop_bufg_I_O)         0.091    11.392 r  sys_clk_IBUF_BUFG_inst/O
                         net (fo=99, routed)          1.556    12.948    green_led/sys_clk_IBUF_BUFG
    SLICE_X40Y83         FDRE                                         r  green_led/clk_cnt_reg[3]/C
                         clock pessimism              0.429    13.377    
                         clock uncertainty           -0.035    13.341    
    SLICE_X40Y83         FDRE (Setup_fdre_C_R)       -0.429    12.912    green_led/clk_cnt_reg[3]
  -------------------------------------------------------------------
                         required time                         12.912    
                         arrival time                          -9.334    
  -------------------------------------------------------------------
                         slack                                  3.578    

Slack (MET) :             3.656ns  (required time - arrival time)
  Source:                 blue_led/clk_cnt_reg[7]/C
                            (rising edge-triggered cell FDRE clocked by sys_clk_pin  {rise@0.000ns fall@4.000ns period=8.000ns})
  Destination:            blue_led/clk_cnt_reg[24]/R
                            (rising edge-triggered cell FDRE clocked by sys_clk_pin  {rise@0.000ns fall@4.000ns period=8.000ns})
  Path Group:             sys_clk_pin
  Path Type:              Setup (Max at Slow Process Corner)
  Requirement:            8.000ns  (sys_clk_pin rise@8.000ns - sys_clk_pin rise@0.000ns)
  Data Path Delay:        3.767ns  (logic 0.890ns (23.627%)  route 2.877ns (76.373%))
  Logic Levels:           3  (LUT4=1 LUT5=2)
  Clock Path Skew:        -0.018ns (DCD - SCD + CPR)
    Destination Clock Delay (DCD):    4.950ns = ( 12.950 - 8.000 ) 
    Source Clock Delay      (SCD):    5.397ns
    Clock Pessimism Removal (CPR):    0.429ns
  Clock Uncertainty:      0.035ns  ((TSJ^2 + TIJ^2)^1/2 + DJ) / 2 + PE
    Total System Jitter     (TSJ):    0.071ns
    Total Input Jitter      (TIJ):    0.000ns
    Discrete Jitter          (DJ):    0.000ns
    Phase Error              (PE):    0.000ns

    Location             Delay type                Incr(ns)  Path(ns)    Netlist Resource(s)
  -------------------------------------------------------------------    -------------------
                         (clock sys_clk_pin rise edge)
                                                      0.000     0.000 r  
    K17                                               0.000     0.000 r  sys_clk (IN)
                         net (fo=0)                   0.000     0.000    sys_clk
    K17                  IBUF (Prop_ibuf_I_O)         1.492     1.492 r  sys_clk_IBUF_inst/O
                         net (fo=1, routed)           2.076     3.568    sys_clk_IBUF
    BUFGCTRL_X0Y16       BUFG (Prop_bufg_I_O)         0.101     3.669 r  sys_clk_IBUF_BUFG_inst/O
                         net (fo=99, routed)          1.728     5.397    blue_led/sys_clk_IBUF_BUFG
    SLICE_X42Y80         FDRE                                         r  blue_led/clk_cnt_reg[7]/C
  -------------------------------------------------------------------    -------------------
    SLICE_X42Y80         FDRE (Prop_fdre_C_Q)         0.518     5.915 r  blue_led/clk_cnt_reg[7]/Q
                         net (fo=2, routed)           0.811     6.725    blue_led/clk_cnt_reg[7]
    SLICE_X43Y81         LUT4 (Prop_lut4_I1_O)        0.124     6.849 f  blue_led/clk_cnt[0]_i_9__1/O
                         net (fo=1, routed)           0.502     7.351    blue_led/clk_cnt[0]_i_9__1_n_0
    SLICE_X43Y82         LUT5 (Prop_lut5_I4_O)        0.124     7.475 f  blue_led/clk_cnt[0]_i_4__1/O
                         net (fo=2, routed)           0.660     8.135    blue_led/clk_cnt[0]_i_4__1_n_0
    SLICE_X43Y82         LUT5 (Prop_lut5_I1_O)        0.124     8.259 r  blue_led/clk_cnt[0]_i_1__1/O
                         net (fo=32, routed)          0.905     9.164    blue_led/clk_cnt[0]_i_1__1_n_0
    SLICE_X42Y85         FDRE                                         r  blue_led/clk_cnt_reg[24]/R
  -------------------------------------------------------------------    -------------------

                         (clock sys_clk_pin rise edge)
                                                      8.000     8.000 r  
    K17                                               0.000     8.000 r  sys_clk (IN)
                         net (fo=0)                   0.000     8.000    sys_clk
    K17                  IBUF (Prop_ibuf_I_O)         1.421     9.421 r  sys_clk_IBUF_inst/O
                         net (fo=1, routed)           1.880    11.301    sys_clk_IBUF
    BUFGCTRL_X0Y16       BUFG (Prop_bufg_I_O)         0.091    11.392 r  sys_clk_IBUF_BUFG_inst/O
                         net (fo=99, routed)          1.558    12.950    blue_led/sys_clk_IBUF_BUFG
    SLICE_X42Y85         FDRE                                         r  blue_led/clk_cnt_reg[24]/C
                         clock pessimism              0.429    13.379    
                         clock uncertainty           -0.035    13.343    
    SLICE_X42Y85         FDRE (Setup_fdre_C_R)       -0.524    12.819    blue_led/clk_cnt_reg[24]
  -------------------------------------------------------------------
                         required time                         12.819    
                         arrival time                          -9.164    
  -------------------------------------------------------------------
                         slack                                  3.656    

Slack (MET) :             3.656ns  (required time - arrival time)
  Source:                 blue_led/clk_cnt_reg[7]/C
                            (rising edge-triggered cell FDRE clocked by sys_clk_pin  {rise@0.000ns fall@4.000ns period=8.000ns})
  Destination:            blue_led/clk_cnt_reg[25]/R
                            (rising edge-triggered cell FDRE clocked by sys_clk_pin  {rise@0.000ns fall@4.000ns period=8.000ns})
  Path Group:             sys_clk_pin
  Path Type:              Setup (Max at Slow Process Corner)
  Requirement:            8.000ns  (sys_clk_pin rise@8.000ns - sys_clk_pin rise@0.000ns)
  Data Path Delay:        3.767ns  (logic 0.890ns (23.627%)  route 2.877ns (76.373%))
  Logic Levels:           3  (LUT4=1 LUT5=2)
  Clock Path Skew:        -0.018ns (DCD - SCD + CPR)
    Destination Clock Delay (DCD):    4.950ns = ( 12.950 - 8.000 ) 
    Source Clock Delay      (SCD):    5.397ns
    Clock Pessimism Removal (CPR):    0.429ns
  Clock Uncertainty:      0.035ns  ((TSJ^2 + TIJ^2)^1/2 + DJ) / 2 + PE
    Total System Jitter     (TSJ):    0.071ns
    Total Input Jitter      (TIJ):    0.000ns
    Discrete Jitter          (DJ):    0.000ns
    Phase Error              (PE):    0.000ns

    Location             Delay type                Incr(ns)  Path(ns)    Netlist Resource(s)
  -------------------------------------------------------------------    -------------------
                         (clock sys_clk_pin rise edge)
                                                      0.000     0.000 r  
    K17                                               0.000     0.000 r  sys_clk (IN)
                         net (fo=0)                   0.000     0.000    sys_clk
    K17                  IBUF (Prop_ibuf_I_O)         1.492     1.492 r  sys_clk_IBUF_inst/O
                         net (fo=1, routed)           2.076     3.568    sys_clk_IBUF
    BUFGCTRL_X0Y16       BUFG (Prop_bufg_I_O)         0.101     3.669 r  sys_clk_IBUF_BUFG_inst/O
                         net (fo=99, routed)          1.728     5.397    blue_led/sys_clk_IBUF_BUFG
    SLICE_X42Y80         FDRE                                         r  blue_led/clk_cnt_reg[7]/C
  -------------------------------------------------------------------    -------------------
    SLICE_X42Y80         FDRE (Prop_fdre_C_Q)         0.518     5.915 r  blue_led/clk_cnt_reg[7]/Q
                         net (fo=2, routed)           0.811     6.725    blue_led/clk_cnt_reg[7]
    SLICE_X43Y81         LUT4 (Prop_lut4_I1_O)        0.124     6.849 f  blue_led/clk_cnt[0]_i_9__1/O
                         net (fo=1, routed)           0.502     7.351    blue_led/clk_cnt[0]_i_9__1_n_0
    SLICE_X43Y82         LUT5 (Prop_lut5_I4_O)        0.124     7.475 f  blue_led/clk_cnt[0]_i_4__1/O
                         net (fo=2, routed)           0.660     8.135    blue_led/clk_cnt[0]_i_4__1_n_0
    SLICE_X43Y82         LUT5 (Prop_lut5_I1_O)        0.124     8.259 r  blue_led/clk_cnt[0]_i_1__1/O
                         net (fo=32, routed)          0.905     9.164    blue_led/clk_cnt[0]_i_1__1_n_0
    SLICE_X42Y85         FDRE                                         r  blue_led/clk_cnt_reg[25]/R
  -------------------------------------------------------------------    -------------------

                         (clock sys_clk_pin rise edge)
                                                      8.000     8.000 r  
    K17                                               0.000     8.000 r  sys_clk (IN)
                         net (fo=0)                   0.000     8.000    sys_clk
    K17                  IBUF (Prop_ibuf_I_O)         1.421     9.421 r  sys_clk_IBUF_inst/O
                         net (fo=1, routed)           1.880    11.301    sys_clk_IBUF
    BUFGCTRL_X0Y16       BUFG (Prop_bufg_I_O)         0.091    11.392 r  sys_clk_IBUF_BUFG_inst/O
                         net (fo=99, routed)          1.558    12.950    blue_led/sys_clk_IBUF_BUFG
    SLICE_X42Y85         FDRE                                         r  blue_led/clk_cnt_reg[25]/C
                         clock pessimism              0.429    13.379    
                         clock uncertainty           -0.035    13.343    
    SLICE_X42Y85         FDRE (Setup_fdre_C_R)       -0.524    12.819    blue_led/clk_cnt_reg[25]
  -------------------------------------------------------------------
                         required time                         12.819    
                         arrival time                          -9.164    
  -------------------------------------------------------------------
                         slack                                  3.656    





Min Delay Paths
--------------------------------------------------------------------------------------
Slack (MET) :             0.263ns  (arrival time - required time)
  Source:                 blue_led/led_internal_reg/C
                            (rising edge-triggered cell FDRE clocked by sys_clk_pin  {rise@0.000ns fall@4.000ns period=8.000ns})
  Destination:            blue_led/led_internal_reg/D
                            (rising edge-triggered cell FDRE clocked by sys_clk_pin  {rise@0.000ns fall@4.000ns period=8.000ns})
  Path Group:             sys_clk_pin
  Path Type:              Hold (Min at Fast Process Corner)
  Requirement:            0.000ns  (sys_clk_pin rise@0.000ns - sys_clk_pin rise@0.000ns)
  Data Path Delay:        0.354ns  (logic 0.186ns (52.498%)  route 0.168ns (47.502%))
  Logic Levels:           1  (LUT6=1)
  Clock Path Skew:        0.000ns (DCD - SCD - CPR)
    Destination Clock Delay (DCD):    2.009ns
    Source Clock Delay      (SCD):    1.494ns
    Clock Pessimism Removal (CPR):    0.515ns

    Location             Delay type                Incr(ns)  Path(ns)    Netlist Resource(s)
  -------------------------------------------------------------------    -------------------
                         (clock sys_clk_pin rise edge)
                                                      0.000     0.000 r  
    K17                                               0.000     0.000 r  sys_clk (IN)
                         net (fo=0)                   0.000     0.000    sys_clk
    K17                  IBUF (Prop_ibuf_I_O)         0.259     0.259 r  sys_clk_IBUF_inst/O
                         net (fo=1, routed)           0.627     0.887    sys_clk_IBUF
    BUFGCTRL_X0Y16       BUFG (Prop_bufg_I_O)         0.026     0.913 r  sys_clk_IBUF_BUFG_inst/O
                         net (fo=99, routed)          0.582     1.494    blue_led/sys_clk_IBUF_BUFG
    SLICE_X43Y82         FDRE                                         r  blue_led/led_internal_reg/C
  -------------------------------------------------------------------    -------------------
    SLICE_X43Y82         FDRE (Prop_fdre_C_Q)         0.141     1.635 r  blue_led/led_internal_reg/Q
                         net (fo=2, routed)           0.168     1.804    blue_led/rgb_out_OBUF[0]
    SLICE_X43Y82         LUT6 (Prop_lut6_I0_O)        0.045     1.849 r  blue_led/led_internal_i_1__1/O
                         net (fo=1, routed)           0.000     1.849    blue_led/led_internal_i_1__1_n_0
    SLICE_X43Y82         FDRE                                         r  blue_led/led_internal_reg/D
  -------------------------------------------------------------------    -------------------

                         (clock sys_clk_pin rise edge)
                                                      0.000     0.000 r  
    K17                                               0.000     0.000 r  sys_clk (IN)
                         net (fo=0)                   0.000     0.000    sys_clk
    K17                  IBUF (Prop_ibuf_I_O)         0.447     0.447 r  sys_clk_IBUF_inst/O
                         net (fo=1, routed)           0.683     1.130    sys_clk_IBUF
    BUFGCTRL_X0Y16       BUFG (Prop_bufg_I_O)         0.029     1.159 r  sys_clk_IBUF_BUFG_inst/O
                         net (fo=99, routed)          0.850     2.009    blue_led/sys_clk_IBUF_BUFG
    SLICE_X43Y82         FDRE                                         r  blue_led/led_internal_reg/C
                         clock pessimism             -0.515     1.494    
    SLICE_X43Y82         FDRE (Hold_fdre_C_D)         0.091     1.585    blue_led/led_internal_reg
  -------------------------------------------------------------------
                         required time                         -1.585    
                         arrival time                           1.849    
  -------------------------------------------------------------------
                         slack                                  0.263    

Slack (MET) :             0.264ns  (arrival time - required time)
  Source:                 green_led/led_internal_reg/C
                            (rising edge-triggered cell FDRE clocked by sys_clk_pin  {rise@0.000ns fall@4.000ns period=8.000ns})
  Destination:            green_led/led_internal_reg/D
                            (rising edge-triggered cell FDRE clocked by sys_clk_pin  {rise@0.000ns fall@4.000ns period=8.000ns})
  Path Group:             sys_clk_pin
  Path Type:              Hold (Min at Fast Process Corner)
  Requirement:            0.000ns  (sys_clk_pin rise@0.000ns - sys_clk_pin rise@0.000ns)
  Data Path Delay:        0.384ns  (logic 0.209ns (54.384%)  route 0.175ns (45.616%))
  Logic Levels:           1  (LUT6=1)
  Clock Path Skew:        0.000ns (DCD - SCD - CPR)
    Destination Clock Delay (DCD):    2.013ns
    Source Clock Delay      (SCD):    1.497ns
    Clock Pessimism Removal (CPR):    0.516ns

    Location             Delay type                Incr(ns)  Path(ns)    Netlist Resource(s)
  -------------------------------------------------------------------    -------------------
                         (clock sys_clk_pin rise edge)
                                                      0.000     0.000 r  
    K17                                               0.000     0.000 r  sys_clk (IN)
                         net (fo=0)                   0.000     0.000    sys_clk
    K17                  IBUF (Prop_ibuf_I_O)         0.259     0.259 r  sys_clk_IBUF_inst/O
                         net (fo=1, routed)           0.627     0.887    sys_clk_IBUF
    BUFGCTRL_X0Y16       BUFG (Prop_bufg_I_O)         0.026     0.913 r  sys_clk_IBUF_BUFG_inst/O
                         net (fo=99, routed)          0.585     1.497    green_led/sys_clk_IBUF_BUFG
    SLICE_X42Y87         FDRE                                         r  green_led/led_internal_reg/C
  -------------------------------------------------------------------    -------------------
    SLICE_X42Y87         FDRE (Prop_fdre_C_Q)         0.164     1.661 r  green_led/led_internal_reg/Q
                         net (fo=2, routed)           0.175     1.837    green_led/rgb_out_OBUF[0]
    SLICE_X42Y87         LUT6 (Prop_lut6_I0_O)        0.045     1.882 r  green_led/led_internal_i_1__0/O
                         net (fo=1, routed)           0.000     1.882    green_led/led_internal_i_1__0_n_0
    SLICE_X42Y87         FDRE                                         r  green_led/led_internal_reg/D
  -------------------------------------------------------------------    -------------------

                         (clock sys_clk_pin rise edge)
                                                      0.000     0.000 r  
    K17                                               0.000     0.000 r  sys_clk (IN)
                         net (fo=0)                   0.000     0.000    sys_clk
    K17                  IBUF (Prop_ibuf_I_O)         0.447     0.447 r  sys_clk_IBUF_inst/O
                         net (fo=1, routed)           0.683     1.130    sys_clk_IBUF
    BUFGCTRL_X0Y16       BUFG (Prop_bufg_I_O)         0.029     1.159 r  sys_clk_IBUF_BUFG_inst/O
                         net (fo=99, routed)          0.854     2.013    green_led/sys_clk_IBUF_BUFG
    SLICE_X42Y87         FDRE                                         r  green_led/led_internal_reg/C
                         clock pessimism             -0.516     1.497    
    SLICE_X42Y87         FDRE (Hold_fdre_C_D)         0.120     1.617    green_led/led_internal_reg
  -------------------------------------------------------------------
                         required time                         -1.617    
                         arrival time                           1.882    
  -------------------------------------------------------------------
                         slack                                  0.264    

Slack (MET) :             0.265ns  (arrival time - required time)
  Source:                 blue_led/clk_cnt_reg[22]/C
                            (rising edge-triggered cell FDRE clocked by sys_clk_pin  {rise@0.000ns fall@4.000ns period=8.000ns})
  Destination:            blue_led/clk_cnt_reg[22]/D
                            (rising edge-triggered cell FDRE clocked by sys_clk_pin  {rise@0.000ns fall@4.000ns period=8.000ns})
  Path Group:             sys_clk_pin
  Path Type:              Hold (Min at Fast Process Corner)
  Requirement:            0.000ns  (sys_clk_pin rise@0.000ns - sys_clk_pin rise@0.000ns)
  Data Path Delay:        0.399ns  (logic 0.274ns (68.589%)  route 0.125ns (31.411%))
  Logic Levels:           1  (CARRY4=1)
  Clock Path Skew:        0.000ns (DCD - SCD - CPR)
    Destination Clock Delay (DCD):    2.011ns
    Source Clock Delay      (SCD):    1.496ns
    Clock Pessimism Removal (CPR):    0.515ns

    Location             Delay type                Incr(ns)  Path(ns)    Netlist Resource(s)
  -------------------------------------------------------------------    -------------------
                         (clock sys_clk_pin rise edge)
                                                      0.000     0.000 r  
    K17                                               0.000     0.000 r  sys_clk (IN)
                         net (fo=0)                   0.000     0.000    sys_clk
    K17                  IBUF (Prop_ibuf_I_O)         0.259     0.259 r  sys_clk_IBUF_inst/O
                         net (fo=1, routed)           0.627     0.887    sys_clk_IBUF
    BUFGCTRL_X0Y16       BUFG (Prop_bufg_I_O)         0.026     0.913 r  sys_clk_IBUF_BUFG_inst/O
                         net (fo=99, routed)          0.584     1.496    blue_led/sys_clk_IBUF_BUFG
    SLICE_X42Y84         FDRE                                         r  blue_led/clk_cnt_reg[22]/C
  -------------------------------------------------------------------    -------------------
    SLICE_X42Y84         FDRE (Prop_fdre_C_Q)         0.164     1.660 r  blue_led/clk_cnt_reg[22]/Q
                         net (fo=2, routed)           0.125     1.786    blue_led/clk_cnt_reg[22]
    SLICE_X42Y84         CARRY4 (Prop_carry4_S[2]_O[2])
                                                      0.110     1.896 r  blue_led/clk_cnt_reg[20]_i_1__1/O[2]
                         net (fo=1, routed)           0.000     1.896    blue_led/clk_cnt_reg[20]_i_1__1_n_5
    SLICE_X42Y84         FDRE                                         r  blue_led/clk_cnt_reg[22]/D
  -------------------------------------------------------------------    -------------------

                         (clock sys_clk_pin rise edge)
                                                      0.000     0.000 r  
    K17                                               0.000     0.000 r  sys_clk (IN)
                         net (fo=0)                   0.000     0.000    sys_clk
    K17                  IBUF (Prop_ibuf_I_O)         0.447     0.447 r  sys_clk_IBUF_inst/O
                         net (fo=1, routed)           0.683     1.130    sys_clk_IBUF
    BUFGCTRL_X0Y16       BUFG (Prop_bufg_I_O)         0.029     1.159 r  sys_clk_IBUF_BUFG_inst/O
                         net (fo=99, routed)          0.852     2.011    blue_led/sys_clk_IBUF_BUFG
    SLICE_X42Y84         FDRE                                         r  blue_led/clk_cnt_reg[22]/C
                         clock pessimism             -0.515     1.496    
    SLICE_X42Y84         FDRE (Hold_fdre_C_D)         0.134     1.630    blue_led/clk_cnt_reg[22]
  -------------------------------------------------------------------
                         required time                         -1.630    
                         arrival time                           1.896    
  -------------------------------------------------------------------
                         slack                                  0.265    

Slack (MET) :             0.265ns  (arrival time - required time)
  Source:                 red_led/clk_cnt_reg[10]/C
                            (rising edge-triggered cell FDRE clocked by sys_clk_pin  {rise@0.000ns fall@4.000ns period=8.000ns})
  Destination:            red_led/clk_cnt_reg[10]/D
                            (rising edge-triggered cell FDRE clocked by sys_clk_pin  {rise@0.000ns fall@4.000ns period=8.000ns})
  Path Group:             sys_clk_pin
  Path Type:              Hold (Min at Fast Process Corner)
  Requirement:            0.000ns  (sys_clk_pin rise@0.000ns - sys_clk_pin rise@0.000ns)
  Data Path Delay:        0.399ns  (logic 0.274ns (68.589%)  route 0.125ns (31.411%))
  Logic Levels:           1  (CARRY4=1)
  Clock Path Skew:        0.000ns (DCD - SCD - CPR)
    Destination Clock Delay (DCD):    2.018ns
    Source Clock Delay      (SCD):    1.503ns
    Clock Pessimism Removal (CPR):    0.515ns

    Location             Delay type                Incr(ns)  Path(ns)    Netlist Resource(s)
  -------------------------------------------------------------------    -------------------
                         (clock sys_clk_pin rise edge)
                                                      0.000     0.000 r  
    K17                                               0.000     0.000 r  sys_clk (IN)
                         net (fo=0)                   0.000     0.000    sys_clk
    K17                  IBUF (Prop_ibuf_I_O)         0.259     0.259 r  sys_clk_IBUF_inst/O
                         net (fo=1, routed)           0.627     0.887    sys_clk_IBUF
    BUFGCTRL_X0Y16       BUFG (Prop_bufg_I_O)         0.026     0.913 r  sys_clk_IBUF_BUFG_inst/O
                         net (fo=99, routed)          0.591     1.503    red_led/sys_clk_IBUF_BUFG
    SLICE_X42Y12         FDRE                                         r  red_led/clk_cnt_reg[10]/C
  -------------------------------------------------------------------    -------------------
    SLICE_X42Y12         FDRE (Prop_fdre_C_Q)         0.164     1.667 r  red_led/clk_cnt_reg[10]/Q
                         net (fo=2, routed)           0.125     1.793    red_led/clk_cnt_reg[10]
    SLICE_X42Y12         CARRY4 (Prop_carry4_S[2]_O[2])
                                                      0.110     1.903 r  red_led/clk_cnt_reg[8]_i_1/O[2]
                         net (fo=1, routed)           0.000     1.903    red_led/clk_cnt_reg[8]_i_1_n_5
    SLICE_X42Y12         FDRE                                         r  red_led/clk_cnt_reg[10]/D
  -------------------------------------------------------------------    -------------------

                         (clock sys_clk_pin rise edge)
                                                      0.000     0.000 r  
    K17                                               0.000     0.000 r  sys_clk (IN)
                         net (fo=0)                   0.000     0.000    sys_clk
    K17                  IBUF (Prop_ibuf_I_O)         0.447     0.447 r  sys_clk_IBUF_inst/O
                         net (fo=1, routed)           0.683     1.130    sys_clk_IBUF
    BUFGCTRL_X0Y16       BUFG (Prop_bufg_I_O)         0.029     1.159 r  sys_clk_IBUF_BUFG_inst/O
                         net (fo=99, routed)          0.859     2.018    red_led/sys_clk_IBUF_BUFG
    SLICE_X42Y12         FDRE                                         r  red_led/clk_cnt_reg[10]/C
                         clock pessimism             -0.515     1.503    
    SLICE_X42Y12         FDRE (Hold_fdre_C_D)         0.134     1.637    red_led/clk_cnt_reg[10]
  -------------------------------------------------------------------
                         required time                         -1.637    
                         arrival time                           1.903    
  -------------------------------------------------------------------
                         slack                                  0.265    

Slack (MET) :             0.266ns  (arrival time - required time)
  Source:                 blue_led/clk_cnt_reg[18]/C
                            (rising edge-triggered cell FDRE clocked by sys_clk_pin  {rise@0.000ns fall@4.000ns period=8.000ns})
  Destination:            blue_led/clk_cnt_reg[18]/D
                            (rising edge-triggered cell FDRE clocked by sys_clk_pin  {rise@0.000ns fall@4.000ns period=8.000ns})
  Path Group:             sys_clk_pin
  Path Type:              Hold (Min at Fast Process Corner)
  Requirement:            0.000ns  (sys_clk_pin rise@0.000ns - sys_clk_pin rise@0.000ns)
  Data Path Delay:        0.400ns  (logic 0.274ns (68.524%)  route 0.126ns (31.476%))
  Logic Levels:           1  (CARRY4=1)
  Clock Path Skew:        0.000ns (DCD - SCD - CPR)
    Destination Clock Delay (DCD):    2.010ns
    Source Clock Delay      (SCD):    1.495ns
    Clock Pessimism Removal (CPR):    0.515ns

    Location             Delay type                Incr(ns)  Path(ns)    Netlist Resource(s)
  -------------------------------------------------------------------    -------------------
                         (clock sys_clk_pin rise edge)
                                                      0.000     0.000 r  
    K17                                               0.000     0.000 r  sys_clk (IN)
                         net (fo=0)                   0.000     0.000    sys_clk
    K17                  IBUF (Prop_ibuf_I_O)         0.259     0.259 r  sys_clk_IBUF_inst/O
                         net (fo=1, routed)           0.627     0.887    sys_clk_IBUF
    BUFGCTRL_X0Y16       BUFG (Prop_bufg_I_O)         0.026     0.913 r  sys_clk_IBUF_BUFG_inst/O
                         net (fo=99, routed)          0.583     1.495    blue_led/sys_clk_IBUF_BUFG
    SLICE_X42Y83         FDRE                                         r  blue_led/clk_cnt_reg[18]/C
  -------------------------------------------------------------------    -------------------
    SLICE_X42Y83         FDRE (Prop_fdre_C_Q)         0.164     1.659 r  blue_led/clk_cnt_reg[18]/Q
                         net (fo=2, routed)           0.126     1.785    blue_led/clk_cnt_reg[18]
    SLICE_X42Y83         CARRY4 (Prop_carry4_S[2]_O[2])
                                                      0.110     1.895 r  blue_led/clk_cnt_reg[16]_i_1__1/O[2]
                         net (fo=1, routed)           0.000     1.895    blue_led/clk_cnt_reg[16]_i_1__1_n_5
    SLICE_X42Y83         FDRE                                         r  blue_led/clk_cnt_reg[18]/D
  -------------------------------------------------------------------    -------------------

                         (clock sys_clk_pin rise edge)
                                                      0.000     0.000 r  
    K17                                               0.000     0.000 r  sys_clk (IN)
                         net (fo=0)                   0.000     0.000    sys_clk
    K17                  IBUF (Prop_ibuf_I_O)         0.447     0.447 r  sys_clk_IBUF_inst/O
                         net (fo=1, routed)           0.683     1.130    sys_clk_IBUF
    BUFGCTRL_X0Y16       BUFG (Prop_bufg_I_O)         0.029     1.159 r  sys_clk_IBUF_BUFG_inst/O
                         net (fo=99, routed)          0.851     2.010    blue_led/sys_clk_IBUF_BUFG
    SLICE_X42Y83         FDRE                                         r  blue_led/clk_cnt_reg[18]/C
                         clock pessimism             -0.515     1.495    
    SLICE_X42Y83         FDRE (Hold_fdre_C_D)         0.134     1.629    blue_led/clk_cnt_reg[18]
  -------------------------------------------------------------------
                         required time                         -1.629    
                         arrival time                           1.895    
  -------------------------------------------------------------------
                         slack                                  0.266    

Slack (MET) :             0.267ns  (arrival time - required time)
  Source:                 blue_led/clk_cnt_reg[14]/C
                            (rising edge-triggered cell FDRE clocked by sys_clk_pin  {rise@0.000ns fall@4.000ns period=8.000ns})
  Destination:            blue_led/clk_cnt_reg[14]/D
                            (rising edge-triggered cell FDRE clocked by sys_clk_pin  {rise@0.000ns fall@4.000ns period=8.000ns})
  Path Group:             sys_clk_pin
  Path Type:              Hold (Min at Fast Process Corner)
  Requirement:            0.000ns  (sys_clk_pin rise@0.000ns - sys_clk_pin rise@0.000ns)
  Data Path Delay:        0.401ns  (logic 0.274ns (68.412%)  route 0.127ns (31.588%))
  Logic Levels:           1  (CARRY4=1)
  Clock Path Skew:        0.000ns (DCD - SCD - CPR)
    Destination Clock Delay (DCD):    2.009ns
    Source Clock Delay      (SCD):    1.494ns
    Clock Pessimism Removal (CPR):    0.515ns

    Location             Delay type                Incr(ns)  Path(ns)    Netlist Resource(s)
  -------------------------------------------------------------------    -------------------
                         (clock sys_clk_pin rise edge)
                                                      0.000     0.000 r  
    K17                                               0.000     0.000 r  sys_clk (IN)
                         net (fo=0)                   0.000     0.000    sys_clk
    K17                  IBUF (Prop_ibuf_I_O)         0.259     0.259 r  sys_clk_IBUF_inst/O
                         net (fo=1, routed)           0.627     0.887    sys_clk_IBUF
    BUFGCTRL_X0Y16       BUFG (Prop_bufg_I_O)         0.026     0.913 r  sys_clk_IBUF_BUFG_inst/O
                         net (fo=99, routed)          0.582     1.494    blue_led/sys_clk_IBUF_BUFG
    SLICE_X42Y82         FDRE                                         r  blue_led/clk_cnt_reg[14]/C
  -------------------------------------------------------------------    -------------------
    SLICE_X42Y82         FDRE (Prop_fdre_C_Q)         0.164     1.658 r  blue_led/clk_cnt_reg[14]/Q
                         net (fo=2, routed)           0.127     1.785    blue_led/clk_cnt_reg[14]
    SLICE_X42Y82         CARRY4 (Prop_carry4_S[2]_O[2])
                                                      0.110     1.895 r  blue_led/clk_cnt_reg[12]_i_1__1/O[2]
                         net (fo=1, routed)           0.000     1.895    blue_led/clk_cnt_reg[12]_i_1__1_n_5
    SLICE_X42Y82         FDRE                                         r  blue_led/clk_cnt_reg[14]/D
  -------------------------------------------------------------------    -------------------

                         (clock sys_clk_pin rise edge)
                                                      0.000     0.000 r  
    K17                                               0.000     0.000 r  sys_clk (IN)
                         net (fo=0)                   0.000     0.000    sys_clk
    K17                  IBUF (Prop_ibuf_I_O)         0.447     0.447 r  sys_clk_IBUF_inst/O
                         net (fo=1, routed)           0.683     1.130    sys_clk_IBUF
    BUFGCTRL_X0Y16       BUFG (Prop_bufg_I_O)         0.029     1.159 r  sys_clk_IBUF_BUFG_inst/O
                         net (fo=99, routed)          0.850     2.009    blue_led/sys_clk_IBUF_BUFG
    SLICE_X42Y82         FDRE                                         r  blue_led/clk_cnt_reg[14]/C
                         clock pessimism             -0.515     1.494    
    SLICE_X42Y82         FDRE (Hold_fdre_C_D)         0.134     1.628    blue_led/clk_cnt_reg[14]
  -------------------------------------------------------------------
                         required time                         -1.628    
                         arrival time                           1.895    
  -------------------------------------------------------------------
                         slack                                  0.267    

Slack (MET) :             0.267ns  (arrival time - required time)
  Source:                 blue_led/clk_cnt_reg[26]/C
                            (rising edge-triggered cell FDRE clocked by sys_clk_pin  {rise@0.000ns fall@4.000ns period=8.000ns})
  Destination:            blue_led/clk_cnt_reg[26]/D
                            (rising edge-triggered cell FDRE clocked by sys_clk_pin  {rise@0.000ns fall@4.000ns period=8.000ns})
  Path Group:             sys_clk_pin
  Path Type:              Hold (Min at Fast Process Corner)
  Requirement:            0.000ns  (sys_clk_pin rise@0.000ns - sys_clk_pin rise@0.000ns)
  Data Path Delay:        0.401ns  (logic 0.274ns (68.412%)  route 0.127ns (31.588%))
  Logic Levels:           1  (CARRY4=1)
  Clock Path Skew:        0.000ns (DCD - SCD - CPR)
    Destination Clock Delay (DCD):    2.012ns
    Source Clock Delay      (SCD):    1.496ns
    Clock Pessimism Removal (CPR):    0.516ns

    Location             Delay type                Incr(ns)  Path(ns)    Netlist Resource(s)
  -------------------------------------------------------------------    -------------------
                         (clock sys_clk_pin rise edge)
                                                      0.000     0.000 r  
    K17                                               0.000     0.000 r  sys_clk (IN)
                         net (fo=0)                   0.000     0.000    sys_clk
    K17                  IBUF (Prop_ibuf_I_O)         0.259     0.259 r  sys_clk_IBUF_inst/O
                         net (fo=1, routed)           0.627     0.887    sys_clk_IBUF
    BUFGCTRL_X0Y16       BUFG (Prop_bufg_I_O)         0.026     0.913 r  sys_clk_IBUF_BUFG_inst/O
                         net (fo=99, routed)          0.584     1.496    blue_led/sys_clk_IBUF_BUFG
    SLICE_X42Y85         FDRE                                         r  blue_led/clk_cnt_reg[26]/C
  -------------------------------------------------------------------    -------------------
    SLICE_X42Y85         FDRE (Prop_fdre_C_Q)         0.164     1.660 r  blue_led/clk_cnt_reg[26]/Q
                         net (fo=2, routed)           0.127     1.787    blue_led/clk_cnt_reg[26]
    SLICE_X42Y85         CARRY4 (Prop_carry4_S[2]_O[2])
                                                      0.110     1.897 r  blue_led/clk_cnt_reg[24]_i_1__1/O[2]
                         net (fo=1, routed)           0.000     1.897    blue_led/clk_cnt_reg[24]_i_1__1_n_5
    SLICE_X42Y85         FDRE                                         r  blue_led/clk_cnt_reg[26]/D
  -------------------------------------------------------------------    -------------------

                         (clock sys_clk_pin rise edge)
                                                      0.000     0.000 r  
    K17                                               0.000     0.000 r  sys_clk (IN)
                         net (fo=0)                   0.000     0.000    sys_clk
    K17                  IBUF (Prop_ibuf_I_O)         0.447     0.447 r  sys_clk_IBUF_inst/O
                         net (fo=1, routed)           0.683     1.130    sys_clk_IBUF
    BUFGCTRL_X0Y16       BUFG (Prop_bufg_I_O)         0.029     1.159 r  sys_clk_IBUF_BUFG_inst/O
                         net (fo=99, routed)          0.853     2.012    blue_led/sys_clk_IBUF_BUFG
    SLICE_X42Y85         FDRE                                         r  blue_led/clk_cnt_reg[26]/C
                         clock pessimism             -0.516     1.496    
    SLICE_X42Y85         FDRE (Hold_fdre_C_D)         0.134     1.630    blue_led/clk_cnt_reg[26]
  -------------------------------------------------------------------
                         required time                         -1.630    
                         arrival time                           1.897    
  -------------------------------------------------------------------
                         slack                                  0.267    

Slack (MET) :             0.267ns  (arrival time - required time)
  Source:                 blue_led/clk_cnt_reg[6]/C
                            (rising edge-triggered cell FDRE clocked by sys_clk_pin  {rise@0.000ns fall@4.000ns period=8.000ns})
  Destination:            blue_led/clk_cnt_reg[6]/D
                            (rising edge-triggered cell FDRE clocked by sys_clk_pin  {rise@0.000ns fall@4.000ns period=8.000ns})
  Path Group:             sys_clk_pin
  Path Type:              Hold (Min at Fast Process Corner)
  Requirement:            0.000ns  (sys_clk_pin rise@0.000ns - sys_clk_pin rise@0.000ns)
  Data Path Delay:        0.401ns  (logic 0.274ns (68.412%)  route 0.127ns (31.588%))
  Logic Levels:           1  (CARRY4=1)
  Clock Path Skew:        0.000ns (DCD - SCD - CPR)
    Destination Clock Delay (DCD):    2.007ns
    Source Clock Delay      (SCD):    1.492ns
    Clock Pessimism Removal (CPR):    0.515ns

    Location             Delay type                Incr(ns)  Path(ns)    Netlist Resource(s)
  -------------------------------------------------------------------    -------------------
                         (clock sys_clk_pin rise edge)
                                                      0.000     0.000 r  
    K17                                               0.000     0.000 r  sys_clk (IN)
                         net (fo=0)                   0.000     0.000    sys_clk
    K17                  IBUF (Prop_ibuf_I_O)         0.259     0.259 r  sys_clk_IBUF_inst/O
                         net (fo=1, routed)           0.627     0.887    sys_clk_IBUF
    BUFGCTRL_X0Y16       BUFG (Prop_bufg_I_O)         0.026     0.913 r  sys_clk_IBUF_BUFG_inst/O
                         net (fo=99, routed)          0.580     1.492    blue_led/sys_clk_IBUF_BUFG
    SLICE_X42Y80         FDRE                                         r  blue_led/clk_cnt_reg[6]/C
  -------------------------------------------------------------------    -------------------
    SLICE_X42Y80         FDRE (Prop_fdre_C_Q)         0.164     1.656 r  blue_led/clk_cnt_reg[6]/Q
                         net (fo=2, routed)           0.127     1.783    blue_led/clk_cnt_reg[6]
    SLICE_X42Y80         CARRY4 (Prop_carry4_S[2]_O[2])
                                                      0.110     1.893 r  blue_led/clk_cnt_reg[4]_i_1__1/O[2]
                         net (fo=1, routed)           0.000     1.893    blue_led/clk_cnt_reg[4]_i_1__1_n_5
    SLICE_X42Y80         FDRE                                         r  blue_led/clk_cnt_reg[6]/D
  -------------------------------------------------------------------    -------------------

                         (clock sys_clk_pin rise edge)
                                                      0.000     0.000 r  
    K17                                               0.000     0.000 r  sys_clk (IN)
                         net (fo=0)                   0.000     0.000    sys_clk
    K17                  IBUF (Prop_ibuf_I_O)         0.447     0.447 r  sys_clk_IBUF_inst/O
                         net (fo=1, routed)           0.683     1.130    sys_clk_IBUF
    BUFGCTRL_X0Y16       BUFG (Prop_bufg_I_O)         0.029     1.159 r  sys_clk_IBUF_BUFG_inst/O
                         net (fo=99, routed)          0.848     2.007    blue_led/sys_clk_IBUF_BUFG
    SLICE_X42Y80         FDRE                                         r  blue_led/clk_cnt_reg[6]/C
                         clock pessimism             -0.515     1.492    
    SLICE_X42Y80         FDRE (Hold_fdre_C_D)         0.134     1.626    blue_led/clk_cnt_reg[6]
  -------------------------------------------------------------------
                         required time                         -1.626    
                         arrival time                           1.893    
  -------------------------------------------------------------------
                         slack                                  0.267    

Slack (MET) :             0.267ns  (arrival time - required time)
  Source:                 red_led/clk_cnt_reg[22]/C
                            (rising edge-triggered cell FDRE clocked by sys_clk_pin  {rise@0.000ns fall@4.000ns period=8.000ns})
  Destination:            red_led/clk_cnt_reg[22]/D
                            (rising edge-triggered cell FDRE clocked by sys_clk_pin  {rise@0.000ns fall@4.000ns period=8.000ns})
  Path Group:             sys_clk_pin
  Path Type:              Hold (Min at Fast Process Corner)
  Requirement:            0.000ns  (sys_clk_pin rise@0.000ns - sys_clk_pin rise@0.000ns)
  Data Path Delay:        0.401ns  (logic 0.274ns (68.412%)  route 0.127ns (31.588%))
  Logic Levels:           1  (CARRY4=1)
  Clock Path Skew:        0.000ns (DCD - SCD - CPR)
    Destination Clock Delay (DCD):    2.016ns
    Source Clock Delay      (SCD):    1.502ns
    Clock Pessimism Removal (CPR):    0.514ns

    Location             Delay type                Incr(ns)  Path(ns)    Netlist Resource(s)
  -------------------------------------------------------------------    -------------------
                         (clock sys_clk_pin rise edge)
                                                      0.000     0.000 r  
    K17                                               0.000     0.000 r  sys_clk (IN)
                         net (fo=0)                   0.000     0.000    sys_clk
    K17                  IBUF (Prop_ibuf_I_O)         0.259     0.259 r  sys_clk_IBUF_inst/O
                         net (fo=1, routed)           0.627     0.887    sys_clk_IBUF
    BUFGCTRL_X0Y16       BUFG (Prop_bufg_I_O)         0.026     0.913 r  sys_clk_IBUF_BUFG_inst/O
                         net (fo=99, routed)          0.590     1.502    red_led/sys_clk_IBUF_BUFG
    SLICE_X42Y15         FDRE                                         r  red_led/clk_cnt_reg[22]/C
  -------------------------------------------------------------------    -------------------
    SLICE_X42Y15         FDRE (Prop_fdre_C_Q)         0.164     1.666 r  red_led/clk_cnt_reg[22]/Q
                         net (fo=2, routed)           0.127     1.793    red_led/clk_cnt_reg[22]
    SLICE_X42Y15         CARRY4 (Prop_carry4_S[2]_O[2])
                                                      0.110     1.903 r  red_led/clk_cnt_reg[20]_i_1/O[2]
                         net (fo=1, routed)           0.000     1.903    red_led/clk_cnt_reg[20]_i_1_n_5
    SLICE_X42Y15         FDRE                                         r  red_led/clk_cnt_reg[22]/D
  -------------------------------------------------------------------    -------------------

                         (clock sys_clk_pin rise edge)
                                                      0.000     0.000 r  
    K17                                               0.000     0.000 r  sys_clk (IN)
                         net (fo=0)                   0.000     0.000    sys_clk
    K17                  IBUF (Prop_ibuf_I_O)         0.447     0.447 r  sys_clk_IBUF_inst/O
                         net (fo=1, routed)           0.683     1.130    sys_clk_IBUF
    BUFGCTRL_X0Y16       BUFG (Prop_bufg_I_O)         0.029     1.159 r  sys_clk_IBUF_BUFG_inst/O
                         net (fo=99, routed)          0.857     2.016    red_led/sys_clk_IBUF_BUFG
    SLICE_X42Y15         FDRE                                         r  red_led/clk_cnt_reg[22]/C
                         clock pessimism             -0.514     1.502    
    SLICE_X42Y15         FDRE (Hold_fdre_C_D)         0.134     1.636    red_led/clk_cnt_reg[22]
  -------------------------------------------------------------------
                         required time                         -1.636    
                         arrival time                           1.903    
  -------------------------------------------------------------------
                         slack                                  0.267    

Slack (MET) :             0.267ns  (arrival time - required time)
  Source:                 red_led/clk_cnt_reg[14]/C
                            (rising edge-triggered cell FDRE clocked by sys_clk_pin  {rise@0.000ns fall@4.000ns period=8.000ns})
  Destination:            red_led/clk_cnt_reg[14]/D
                            (rising edge-triggered cell FDRE clocked by sys_clk_pin  {rise@0.000ns fall@4.000ns period=8.000ns})
  Path Group:             sys_clk_pin
  Path Type:              Hold (Min at Fast Process Corner)
  Requirement:            0.000ns  (sys_clk_pin rise@0.000ns - sys_clk_pin rise@0.000ns)
  Data Path Delay:        0.401ns  (logic 0.274ns (68.412%)  route 0.127ns (31.588%))
  Logic Levels:           1  (CARRY4=1)
  Clock Path Skew:        0.000ns (DCD - SCD - CPR)
    Destination Clock Delay (DCD):    2.017ns
    Source Clock Delay      (SCD):    1.502ns
    Clock Pessimism Removal (CPR):    0.515ns

    Location             Delay type                Incr(ns)  Path(ns)    Netlist Resource(s)
  -------------------------------------------------------------------    -------------------
                         (clock sys_clk_pin rise edge)
                                                      0.000     0.000 r  
    K17                                               0.000     0.000 r  sys_clk (IN)
                         net (fo=0)                   0.000     0.000    sys_clk
    K17                  IBUF (Prop_ibuf_I_O)         0.259     0.259 r  sys_clk_IBUF_inst/O
                         net (fo=1, routed)           0.627     0.887    sys_clk_IBUF
    BUFGCTRL_X0Y16       BUFG (Prop_bufg_I_O)         0.026     0.913 r  sys_clk_IBUF_BUFG_inst/O
                         net (fo=99, routed)          0.590     1.502    red_led/sys_clk_IBUF_BUFG
    SLICE_X42Y13         FDRE                                         r  red_led/clk_cnt_reg[14]/C
  -------------------------------------------------------------------    -------------------
    SLICE_X42Y13         FDRE (Prop_fdre_C_Q)         0.164     1.666 r  red_led/clk_cnt_reg[14]/Q
                         net (fo=2, routed)           0.127     1.793    red_led/clk_cnt_reg[14]
    SLICE_X42Y13         CARRY4 (Prop_carry4_S[2]_O[2])
                                                      0.110     1.903 r  red_led/clk_cnt_reg[12]_i_1/O[2]
                         net (fo=1, routed)           0.000     1.903    red_led/clk_cnt_reg[12]_i_1_n_5
    SLICE_X42Y13         FDRE                                         r  red_led/clk_cnt_reg[14]/D
  -------------------------------------------------------------------    -------------------

                         (clock sys_clk_pin rise edge)
                                                      0.000     0.000 r  
    K17                                               0.000     0.000 r  sys_clk (IN)
                         net (fo=0)                   0.000     0.000    sys_clk
    K17                  IBUF (Prop_ibuf_I_O)         0.447     0.447 r  sys_clk_IBUF_inst/O
                         net (fo=1, routed)           0.683     1.130    sys_clk_IBUF
    BUFGCTRL_X0Y16       BUFG (Prop_bufg_I_O)         0.029     1.159 r  sys_clk_IBUF_BUFG_inst/O
                         net (fo=99, routed)          0.858     2.017    red_led/sys_clk_IBUF_BUFG
    SLICE_X42Y13         FDRE                                         r  red_led/clk_cnt_reg[14]/C
                         clock pessimism             -0.515     1.502    
    SLICE_X42Y13         FDRE (Hold_fdre_C_D)         0.134     1.636    red_led/clk_cnt_reg[14]
  -------------------------------------------------------------------
                         required time                         -1.636    
                         arrival time                           1.903    
  -------------------------------------------------------------------
                         slack                                  0.267    





Pulse Width Checks
--------------------------------------------------------------------------------------
Clock Name:         sys_clk_pin
Waveform(ns):       { 0.000 4.000 }
Period(ns):         8.000
Sources:            { sys_clk }

Check Type        Corner  Lib Pin  Reference Pin  Required(ns)  Actual(ns)  Slack(ns)  Location        Pin
Min Period        n/a     BUFG/I   n/a            2.155         8.000       5.845      BUFGCTRL_X0Y16  sys_clk_IBUF_BUFG_inst/I
Min Period        n/a     FDRE/C   n/a            1.000         8.000       7.000      SLICE_X42Y79    blue_led/clk_cnt_reg[0]/C
Min Period        n/a     FDRE/C   n/a            1.000         8.000       7.000      SLICE_X42Y81    blue_led/clk_cnt_reg[10]/C
Min Period        n/a     FDRE/C   n/a            1.000         8.000       7.000      SLICE_X42Y81    blue_led/clk_cnt_reg[11]/C
Min Period        n/a     FDRE/C   n/a            1.000         8.000       7.000      SLICE_X42Y82    blue_led/clk_cnt_reg[12]/C
Min Period        n/a     FDRE/C   n/a            1.000         8.000       7.000      SLICE_X42Y82    blue_led/clk_cnt_reg[13]/C
Min Period        n/a     FDRE/C   n/a            1.000         8.000       7.000      SLICE_X42Y82    blue_led/clk_cnt_reg[14]/C
Min Period        n/a     FDRE/C   n/a            1.000         8.000       7.000      SLICE_X42Y82    blue_led/clk_cnt_reg[15]/C
Min Period        n/a     FDRE/C   n/a            1.000         8.000       7.000      SLICE_X42Y83    blue_led/clk_cnt_reg[16]/C
Min Period        n/a     FDRE/C   n/a            1.000         8.000       7.000      SLICE_X42Y83    blue_led/clk_cnt_reg[17]/C
Low Pulse Width   Slow    FDRE/C   n/a            0.500         4.000       3.500      SLICE_X42Y79    blue_led/clk_cnt_reg[0]/C
Low Pulse Width   Fast    FDRE/C   n/a            0.500         4.000       3.500      SLICE_X42Y79    blue_led/clk_cnt_reg[0]/C
Low Pulse Width   Slow    FDRE/C   n/a            0.500         4.000       3.500      SLICE_X42Y81    blue_led/clk_cnt_reg[10]/C
Low Pulse Width   Fast    FDRE/C   n/a            0.500         4.000       3.500      SLICE_X42Y81    blue_led/clk_cnt_reg[10]/C
Low Pulse Width   Slow    FDRE/C   n/a            0.500         4.000       3.500      SLICE_X42Y81    blue_led/clk_cnt_reg[11]/C
Low Pulse Width   Fast    FDRE/C   n/a            0.500         4.000       3.500      SLICE_X42Y81    blue_led/clk_cnt_reg[11]/C
Low Pulse Width   Slow    FDRE/C   n/a            0.500         4.000       3.500      SLICE_X42Y82    blue_led/clk_cnt_reg[12]/C
Low Pulse Width   Fast    FDRE/C   n/a            0.500         4.000       3.500      SLICE_X42Y82    blue_led/clk_cnt_reg[12]/C
Low Pulse Width   Slow    FDRE/C   n/a            0.500         4.000       3.500      SLICE_X42Y82    blue_led/clk_cnt_reg[13]/C
Low Pulse Width   Fast    FDRE/C   n/a            0.500         4.000       3.500      SLICE_X42Y82    blue_led/clk_cnt_reg[13]/C
High Pulse Width  Slow    FDRE/C   n/a            0.500         4.000       3.500      SLICE_X42Y79    blue_led/clk_cnt_reg[0]/C
High Pulse Width  Fast    FDRE/C   n/a            0.500         4.000       3.500      SLICE_X42Y79    blue_led/clk_cnt_reg[0]/C
High Pulse Width  Slow    FDRE/C   n/a            0.500         4.000       3.500      SLICE_X42Y81    blue_led/clk_cnt_reg[10]/C
High Pulse Width  Fast    FDRE/C   n/a            0.500         4.000       3.500      SLICE_X42Y81    blue_led/clk_cnt_reg[10]/C
High Pulse Width  Slow    FDRE/C   n/a            0.500         4.000       3.500      SLICE_X42Y81    blue_led/clk_cnt_reg[11]/C
High Pulse Width  Fast    FDRE/C   n/a            0.500         4.000       3.500      SLICE_X42Y81    blue_led/clk_cnt_reg[11]/C
High Pulse Width  Slow    FDRE/C   n/a            0.500         4.000       3.500      SLICE_X42Y82    blue_led/clk_cnt_reg[12]/C
High Pulse Width  Fast    FDRE/C   n/a            0.500         4.000       3.500      SLICE_X42Y82    blue_led/clk_cnt_reg[12]/C
High Pulse Width  Slow    FDRE/C   n/a            0.500         4.000       3.500      SLICE_X42Y82    blue_led/clk_cnt_reg[13]/C
High Pulse Width  Fast    FDRE/C   n/a            0.500         4.000       3.500      SLICE_X42Y82    blue_led/clk_cnt_reg[13]/C



--------------------------------------------------------------------------------------
Path Group:  (none)
From Clock:  sys_clk_pin
  To Clock:  

Max Delay             3 Endpoints
Min Delay             3 Endpoints
--------------------------------------------------------------------------------------


Max Delay Paths
--------------------------------------------------------------------------------------
Slack:                    inf
  Source:                 blue_led/led_internal_reg/C
                            (rising edge-triggered cell FDRE clocked by sys_clk_pin  {rise@0.000ns fall@4.000ns period=8.000ns})
  Destination:            rgb_out[2]
                            (output port)
  Path Group:             (none)
  Path Type:              Max at Slow Process Corner
  Data Path Delay:        5.870ns  (logic 4.052ns (69.021%)  route 1.819ns (30.979%))
  Logic Levels:           1  (OBUF=1)
  Clock Uncertainty:      0.025ns  ((TSJ^2 + TIJ^2)^1/2 + DJ) / 2 + PE
    Total System Jitter     (TSJ):    0.050ns
    Total Input Jitter      (TIJ):    0.000ns
    Discrete Jitter          (DJ):    0.000ns
    Phase Error              (PE):    0.000ns

    Location             Delay type                Incr(ns)  Path(ns)    Netlist Resource(s)
  -------------------------------------------------------------------    -------------------
                         (clock sys_clk_pin rise edge)
                                                      0.000     0.000 r  
    K17                                               0.000     0.000 r  sys_clk (IN)
                         net (fo=0)                   0.000     0.000    sys_clk
    K17                  IBUF (Prop_ibuf_I_O)         1.492     1.492 r  sys_clk_IBUF_inst/O
                         net (fo=1, routed)           2.076     3.568    sys_clk_IBUF
    BUFGCTRL_X0Y16       BUFG (Prop_bufg_I_O)         0.101     3.669 r  sys_clk_IBUF_BUFG_inst/O
                         net (fo=99, routed)          1.731     5.400    blue_led/sys_clk_IBUF_BUFG
    SLICE_X43Y82         FDRE                                         r  blue_led/led_internal_reg/C
  -------------------------------------------------------------------    -------------------
    SLICE_X43Y82         FDRE (Prop_fdre_C_Q)         0.456     5.856 r  blue_led/led_internal_reg/Q
                         net (fo=2, routed)           1.819     7.674    rgb_out_OBUF[2]
    M17                  OBUF (Prop_obuf_I_O)         3.596    11.270 r  rgb_out_OBUF[2]_inst/O
                         net (fo=0)                   0.000    11.270    rgb_out[2]
    M17                                                               r  rgb_out[2] (OUT)
  -------------------------------------------------------------------    -------------------

Slack:                    inf
  Source:                 green_led/led_internal_reg/C
                            (rising edge-triggered cell FDRE clocked by sys_clk_pin  {rise@0.000ns fall@4.000ns period=8.000ns})
  Destination:            rgb_out[1]
                            (output port)
  Path Group:             (none)
  Path Type:              Max at Slow Process Corner
  Data Path Delay:        5.706ns  (logic 4.029ns (70.618%)  route 1.676ns (29.382%))
  Logic Levels:           1  (OBUF=1)
  Clock Uncertainty:      0.025ns  ((TSJ^2 + TIJ^2)^1/2 + DJ) / 2 + PE
    Total System Jitter     (TSJ):    0.050ns
    Total Input Jitter      (TIJ):    0.000ns
    Discrete Jitter          (DJ):    0.000ns
    Phase Error              (PE):    0.000ns

    Location             Delay type                Incr(ns)  Path(ns)    Netlist Resource(s)
  -------------------------------------------------------------------    -------------------
                         (clock sys_clk_pin rise edge)
                                                      0.000     0.000 r  
    K17                                               0.000     0.000 r  sys_clk (IN)
                         net (fo=0)                   0.000     0.000    sys_clk
    K17                  IBUF (Prop_ibuf_I_O)         1.492     1.492 r  sys_clk_IBUF_inst/O
                         net (fo=1, routed)           2.076     3.568    sys_clk_IBUF
    BUFGCTRL_X0Y16       BUFG (Prop_bufg_I_O)         0.101     3.669 r  sys_clk_IBUF_BUFG_inst/O
                         net (fo=99, routed)          1.736     5.405    green_led/sys_clk_IBUF_BUFG
    SLICE_X42Y87         FDRE                                         r  green_led/led_internal_reg/C
  -------------------------------------------------------------------    -------------------
    SLICE_X42Y87         FDRE (Prop_fdre_C_Q)         0.518     5.923 r  green_led/led_internal_reg/Q
                         net (fo=2, routed)           1.676     7.599    rgb_out_OBUF[1]
    F17                  OBUF (Prop_obuf_I_O)         3.511    11.110 r  rgb_out_OBUF[1]_inst/O
                         net (fo=0)                   0.000    11.110    rgb_out[1]
    F17                                                               r  rgb_out[1] (OUT)
  -------------------------------------------------------------------    -------------------

Slack:                    inf
  Source:                 red_led/led_internal_reg/C
                            (rising edge-triggered cell FDRE clocked by sys_clk_pin  {rise@0.000ns fall@4.000ns period=8.000ns})
  Destination:            rgb_out[0]
                            (output port)
  Path Group:             (none)
  Path Type:              Max at Slow Process Corner
  Data Path Delay:        5.666ns  (logic 3.982ns (70.279%)  route 1.684ns (29.721%))
  Logic Levels:           1  (OBUF=1)
  Clock Uncertainty:      0.025ns  ((TSJ^2 + TIJ^2)^1/2 + DJ) / 2 + PE
    Total System Jitter     (TSJ):    0.050ns
    Total Input Jitter      (TIJ):    0.000ns
    Discrete Jitter          (DJ):    0.000ns
    Phase Error              (PE):    0.000ns

    Location             Delay type                Incr(ns)  Path(ns)    Netlist Resource(s)
  -------------------------------------------------------------------    -------------------
                         (clock sys_clk_pin rise edge)
                                                      0.000     0.000 r  
    K17                                               0.000     0.000 r  sys_clk (IN)
                         net (fo=0)                   0.000     0.000    sys_clk
    K17                  IBUF (Prop_ibuf_I_O)         1.492     1.492 r  sys_clk_IBUF_inst/O
                         net (fo=1, routed)           2.076     3.568    sys_clk_IBUF
    BUFGCTRL_X0Y16       BUFG (Prop_bufg_I_O)         0.101     3.669 r  sys_clk_IBUF_BUFG_inst/O
                         net (fo=99, routed)          1.752     5.421    red_led/sys_clk_IBUF_BUFG
    SLICE_X43Y13         FDRE                                         r  red_led/led_internal_reg/C
  -------------------------------------------------------------------    -------------------
    SLICE_X43Y13         FDRE (Prop_fdre_C_Q)         0.456     5.877 r  red_led/led_internal_reg/Q
                         net (fo=2, routed)           1.684     7.561    rgb_out_OBUF[0]
    V16                  OBUF (Prop_obuf_I_O)         3.526    11.087 r  rgb_out_OBUF[0]_inst/O
                         net (fo=0)                   0.000    11.087    rgb_out[0]
    V16                                                               r  rgb_out[0] (OUT)
  -------------------------------------------------------------------    -------------------





Min Delay Paths
--------------------------------------------------------------------------------------
Slack:                    inf
  Source:                 red_led/led_internal_reg/C
                            (rising edge-triggered cell FDRE clocked by sys_clk_pin  {rise@0.000ns fall@4.000ns period=8.000ns})
  Destination:            rgb_out[0]
                            (output port)
  Path Group:             (none)
  Path Type:              Min at Fast Process Corner
  Data Path Delay:        1.707ns  (logic 1.368ns (80.141%)  route 0.339ns (19.859%))
  Logic Levels:           1  (OBUF=1)
  Clock Uncertainty:      0.025ns  ((TSJ^2 + TIJ^2)^1/2 + DJ) / 2 + PE
    Total System Jitter     (TSJ):    0.050ns
    Total Input Jitter      (TIJ):    0.000ns
    Discrete Jitter          (DJ):    0.000ns
    Phase Error              (PE):    0.000ns

    Location             Delay type                Incr(ns)  Path(ns)    Netlist Resource(s)
  -------------------------------------------------------------------    -------------------
                         (clock sys_clk_pin rise edge)
                                                      0.000     0.000 r  
    K17                                               0.000     0.000 r  sys_clk (IN)
                         net (fo=0)                   0.000     0.000    sys_clk
    K17                  IBUF (Prop_ibuf_I_O)         0.259     0.259 r  sys_clk_IBUF_inst/O
                         net (fo=1, routed)           0.627     0.887    sys_clk_IBUF
    BUFGCTRL_X0Y16       BUFG (Prop_bufg_I_O)         0.026     0.913 r  sys_clk_IBUF_BUFG_inst/O
                         net (fo=99, routed)          0.590     1.502    red_led/sys_clk_IBUF_BUFG
    SLICE_X43Y13         FDRE                                         r  red_led/led_internal_reg/C
  -------------------------------------------------------------------    -------------------
    SLICE_X43Y13         FDRE (Prop_fdre_C_Q)         0.141     1.643 r  red_led/led_internal_reg/Q
                         net (fo=2, routed)           0.339     1.982    rgb_out_OBUF[0]
    V16                  OBUF (Prop_obuf_I_O)         1.227     3.209 r  rgb_out_OBUF[0]_inst/O
                         net (fo=0)                   0.000     3.209    rgb_out[0]
    V16                                                               r  rgb_out[0] (OUT)
  -------------------------------------------------------------------    -------------------

Slack:                    inf
  Source:                 green_led/led_internal_reg/C
                            (rising edge-triggered cell FDRE clocked by sys_clk_pin  {rise@0.000ns fall@4.000ns period=8.000ns})
  Destination:            rgb_out[1]
                            (output port)
  Path Group:             (none)
  Path Type:              Min at Fast Process Corner
  Data Path Delay:        1.720ns  (logic 1.376ns (80.031%)  route 0.343ns (19.969%))
  Logic Levels:           1  (OBUF=1)
  Clock Uncertainty:      0.025ns  ((TSJ^2 + TIJ^2)^1/2 + DJ) / 2 + PE
    Total System Jitter     (TSJ):    0.050ns
    Total Input Jitter      (TIJ):    0.000ns
    Discrete Jitter          (DJ):    0.000ns
    Phase Error              (PE):    0.000ns

    Location             Delay type                Incr(ns)  Path(ns)    Netlist Resource(s)
  -------------------------------------------------------------------    -------------------
                         (clock sys_clk_pin rise edge)
                                                      0.000     0.000 r  
    K17                                               0.000     0.000 r  sys_clk (IN)
                         net (fo=0)                   0.000     0.000    sys_clk
    K17                  IBUF (Prop_ibuf_I_O)         0.259     0.259 r  sys_clk_IBUF_inst/O
                         net (fo=1, routed)           0.627     0.887    sys_clk_IBUF
    BUFGCTRL_X0Y16       BUFG (Prop_bufg_I_O)         0.026     0.913 r  sys_clk_IBUF_BUFG_inst/O
                         net (fo=99, routed)          0.585     1.497    green_led/sys_clk_IBUF_BUFG
    SLICE_X42Y87         FDRE                                         r  green_led/led_internal_reg/C
  -------------------------------------------------------------------    -------------------
    SLICE_X42Y87         FDRE (Prop_fdre_C_Q)         0.164     1.661 r  green_led/led_internal_reg/Q
                         net (fo=2, routed)           0.343     2.005    rgb_out_OBUF[1]
    F17                  OBUF (Prop_obuf_I_O)         1.212     3.217 r  rgb_out_OBUF[1]_inst/O
                         net (fo=0)                   0.000     3.217    rgb_out[1]
    F17                                                               r  rgb_out[1] (OUT)
  -------------------------------------------------------------------    -------------------

Slack:                    inf
  Source:                 blue_led/led_internal_reg/C
                            (rising edge-triggered cell FDRE clocked by sys_clk_pin  {rise@0.000ns fall@4.000ns period=8.000ns})
  Destination:            rgb_out[2]
                            (output port)
  Path Group:             (none)
  Path Type:              Min at Fast Process Corner
  Data Path Delay:        1.840ns  (logic 1.437ns (78.075%)  route 0.404ns (21.925%))
  Logic Levels:           1  (OBUF=1)
  Clock Uncertainty:      0.025ns  ((TSJ^2 + TIJ^2)^1/2 + DJ) / 2 + PE
    Total System Jitter     (TSJ):    0.050ns
    Total Input Jitter      (TIJ):    0.000ns
    Discrete Jitter          (DJ):    0.000ns
    Phase Error              (PE):    0.000ns

    Location             Delay type                Incr(ns)  Path(ns)    Netlist Resource(s)
  -------------------------------------------------------------------    -------------------
                         (clock sys_clk_pin rise edge)
                                                      0.000     0.000 r  
    K17                                               0.000     0.000 r  sys_clk (IN)
                         net (fo=0)                   0.000     0.000    sys_clk
    K17                  IBUF (Prop_ibuf_I_O)         0.259     0.259 r  sys_clk_IBUF_inst/O
                         net (fo=1, routed)           0.627     0.887    sys_clk_IBUF
    BUFGCTRL_X0Y16       BUFG (Prop_bufg_I_O)         0.026     0.913 r  sys_clk_IBUF_BUFG_inst/O
                         net (fo=99, routed)          0.582     1.494    blue_led/sys_clk_IBUF_BUFG
    SLICE_X43Y82         FDRE                                         r  blue_led/led_internal_reg/C
  -------------------------------------------------------------------    -------------------
    SLICE_X43Y82         FDRE (Prop_fdre_C_Q)         0.141     1.635 r  blue_led/led_internal_reg/Q
                         net (fo=2, routed)           0.404     2.039    rgb_out_OBUF[2]
    M17                  OBUF (Prop_obuf_I_O)         1.296     3.335 r  rgb_out_OBUF[2]_inst/O
                         net (fo=0)                   0.000     3.335    rgb_out[2]
    M17                                                               r  rgb_out[2] (OUT)
  -------------------------------------------------------------------    -------------------





--------------------------------------------------------------------------------------
Path Group:  (none)
From Clock:  
  To Clock:  sys_clk_pin

Max Delay            99 Endpoints
Min Delay            99 Endpoints
--------------------------------------------------------------------------------------


Max Delay Paths
--------------------------------------------------------------------------------------
Slack:                    inf
  Source:                 sw[1]
                            (input port)
  Destination:            red_led/clk_cnt_reg[24]/R
                            (rising edge-triggered cell FDRE clocked by sys_clk_pin  {rise@0.000ns fall@4.000ns period=8.000ns})
  Path Group:             (none)
  Path Type:              Setup (Max at Slow Process Corner)
  Data Path Delay:        8.113ns  (logic 1.699ns (20.939%)  route 6.414ns (79.061%))
  Logic Levels:           3  (IBUF=1 LUT4=1 LUT5=1)
  Clock Path Skew:        4.964ns (DCD - SCD + CPR)
    Destination Clock Delay (DCD):    4.964ns
    Source Clock Delay      (SCD):    0.000ns
    Clock Pessimism Removal (CPR):    0.000ns
  Clock Uncertainty:      0.025ns  ((TSJ^2 + TIJ^2)^1/2 + DJ) / 2 + PE
    Total System Jitter     (TSJ):    0.050ns
    Total Input Jitter      (TIJ):    0.000ns
    Discrete Jitter          (DJ):    0.000ns
    Phase Error              (PE):    0.000ns

    Location             Delay type                Incr(ns)  Path(ns)    Netlist Resource(s)
  -------------------------------------------------------------------    -------------------
    P15                                               0.000     0.000 r  sw[1] (IN)
                         net (fo=0)                   0.000     0.000    sw[1]
    P15                  IBUF (Prop_ibuf_I_O)         1.451     1.451 r  sw_IBUF[1]_inst/O
                         net (fo=3, routed)           2.733     4.184    red_led/sw_IBUF[1]
    SLICE_X43Y61         LUT4 (Prop_lut4_I3_O)        0.124     4.308 r  red_led/clk_cnt[0]_i_3/O
                         net (fo=2, routed)           2.780     7.088    red_led/clk_cnt[0]_i_3_n_0
    SLICE_X43Y13         LUT5 (Prop_lut5_I0_O)        0.124     7.212 r  red_led/clk_cnt[0]_i_1/O
                         net (fo=32, routed)          0.901     8.113    red_led/clk_cnt[0]_i_1_n_0
    SLICE_X42Y16         FDRE                                         r  red_led/clk_cnt_reg[24]/R
  -------------------------------------------------------------------    -------------------

                         (clock sys_clk_pin rise edge)
                                                      0.000     0.000 r  
    K17                                               0.000     0.000 r  sys_clk (IN)
                         net (fo=0)                   0.000     0.000    sys_clk
    K17                  IBUF (Prop_ibuf_I_O)         1.421     1.421 r  sys_clk_IBUF_inst/O
                         net (fo=1, routed)           1.880     3.301    sys_clk_IBUF
    BUFGCTRL_X0Y16       BUFG (Prop_bufg_I_O)         0.091     3.392 r  sys_clk_IBUF_BUFG_inst/O
                         net (fo=99, routed)          1.572     4.964    red_led/sys_clk_IBUF_BUFG
    SLICE_X42Y16         FDRE                                         r  red_led/clk_cnt_reg[24]/C

Slack:                    inf
  Source:                 sw[1]
                            (input port)
  Destination:            red_led/clk_cnt_reg[25]/R
                            (rising edge-triggered cell FDRE clocked by sys_clk_pin  {rise@0.000ns fall@4.000ns period=8.000ns})
  Path Group:             (none)
  Path Type:              Setup (Max at Slow Process Corner)
  Data Path Delay:        8.113ns  (logic 1.699ns (20.939%)  route 6.414ns (79.061%))
  Logic Levels:           3  (IBUF=1 LUT4=1 LUT5=1)
  Clock Path Skew:        4.964ns (DCD - SCD + CPR)
    Destination Clock Delay (DCD):    4.964ns
    Source Clock Delay      (SCD):    0.000ns
    Clock Pessimism Removal (CPR):    0.000ns
  Clock Uncertainty:      0.025ns  ((TSJ^2 + TIJ^2)^1/2 + DJ) / 2 + PE
    Total System Jitter     (TSJ):    0.050ns
    Total Input Jitter      (TIJ):    0.000ns
    Discrete Jitter          (DJ):    0.000ns
    Phase Error              (PE):    0.000ns

    Location             Delay type                Incr(ns)  Path(ns)    Netlist Resource(s)
  -------------------------------------------------------------------    -------------------
    P15                                               0.000     0.000 r  sw[1] (IN)
                         net (fo=0)                   0.000     0.000    sw[1]
    P15                  IBUF (Prop_ibuf_I_O)         1.451     1.451 r  sw_IBUF[1]_inst/O
                         net (fo=3, routed)           2.733     4.184    red_led/sw_IBUF[1]
    SLICE_X43Y61         LUT4 (Prop_lut4_I3_O)        0.124     4.308 r  red_led/clk_cnt[0]_i_3/O
                         net (fo=2, routed)           2.780     7.088    red_led/clk_cnt[0]_i_3_n_0
    SLICE_X43Y13         LUT5 (Prop_lut5_I0_O)        0.124     7.212 r  red_led/clk_cnt[0]_i_1/O
                         net (fo=32, routed)          0.901     8.113    red_led/clk_cnt[0]_i_1_n_0
    SLICE_X42Y16         FDRE                                         r  red_led/clk_cnt_reg[25]/R
  -------------------------------------------------------------------    -------------------

                         (clock sys_clk_pin rise edge)
                                                      0.000     0.000 r  
    K17                                               0.000     0.000 r  sys_clk (IN)
                         net (fo=0)                   0.000     0.000    sys_clk
    K17                  IBUF (Prop_ibuf_I_O)         1.421     1.421 r  sys_clk_IBUF_inst/O
                         net (fo=1, routed)           1.880     3.301    sys_clk_IBUF
    BUFGCTRL_X0Y16       BUFG (Prop_bufg_I_O)         0.091     3.392 r  sys_clk_IBUF_BUFG_inst/O
                         net (fo=99, routed)          1.572     4.964    red_led/sys_clk_IBUF_BUFG
    SLICE_X42Y16         FDRE                                         r  red_led/clk_cnt_reg[25]/C

Slack:                    inf
  Source:                 sw[1]
                            (input port)
  Destination:            red_led/clk_cnt_reg[26]/R
                            (rising edge-triggered cell FDRE clocked by sys_clk_pin  {rise@0.000ns fall@4.000ns period=8.000ns})
  Path Group:             (none)
  Path Type:              Setup (Max at Slow Process Corner)
  Data Path Delay:        8.113ns  (logic 1.699ns (20.939%)  route 6.414ns (79.061%))
  Logic Levels:           3  (IBUF=1 LUT4=1 LUT5=1)
  Clock Path Skew:        4.964ns (DCD - SCD + CPR)
    Destination Clock Delay (DCD):    4.964ns
    Source Clock Delay      (SCD):    0.000ns
    Clock Pessimism Removal (CPR):    0.000ns
  Clock Uncertainty:      0.025ns  ((TSJ^2 + TIJ^2)^1/2 + DJ) / 2 + PE
    Total System Jitter     (TSJ):    0.050ns
    Total Input Jitter      (TIJ):    0.000ns
    Discrete Jitter          (DJ):    0.000ns
    Phase Error              (PE):    0.000ns

    Location             Delay type                Incr(ns)  Path(ns)    Netlist Resource(s)
  -------------------------------------------------------------------    -------------------
    P15                                               0.000     0.000 r  sw[1] (IN)
                         net (fo=0)                   0.000     0.000    sw[1]
    P15                  IBUF (Prop_ibuf_I_O)         1.451     1.451 r  sw_IBUF[1]_inst/O
                         net (fo=3, routed)           2.733     4.184    red_led/sw_IBUF[1]
    SLICE_X43Y61         LUT4 (Prop_lut4_I3_O)        0.124     4.308 r  red_led/clk_cnt[0]_i_3/O
                         net (fo=2, routed)           2.780     7.088    red_led/clk_cnt[0]_i_3_n_0
    SLICE_X43Y13         LUT5 (Prop_lut5_I0_O)        0.124     7.212 r  red_led/clk_cnt[0]_i_1/O
                         net (fo=32, routed)          0.901     8.113    red_led/clk_cnt[0]_i_1_n_0
    SLICE_X42Y16         FDRE                                         r  red_led/clk_cnt_reg[26]/R
  -------------------------------------------------------------------    -------------------

                         (clock sys_clk_pin rise edge)
                                                      0.000     0.000 r  
    K17                                               0.000     0.000 r  sys_clk (IN)
                         net (fo=0)                   0.000     0.000    sys_clk
    K17                  IBUF (Prop_ibuf_I_O)         1.421     1.421 r  sys_clk_IBUF_inst/O
                         net (fo=1, routed)           1.880     3.301    sys_clk_IBUF
    BUFGCTRL_X0Y16       BUFG (Prop_bufg_I_O)         0.091     3.392 r  sys_clk_IBUF_BUFG_inst/O
                         net (fo=99, routed)          1.572     4.964    red_led/sys_clk_IBUF_BUFG
    SLICE_X42Y16         FDRE                                         r  red_led/clk_cnt_reg[26]/C

Slack:                    inf
  Source:                 sw[1]
                            (input port)
  Destination:            red_led/clk_cnt_reg[27]/R
                            (rising edge-triggered cell FDRE clocked by sys_clk_pin  {rise@0.000ns fall@4.000ns period=8.000ns})
  Path Group:             (none)
  Path Type:              Setup (Max at Slow Process Corner)
  Data Path Delay:        8.113ns  (logic 1.699ns (20.939%)  route 6.414ns (79.061%))
  Logic Levels:           3  (IBUF=1 LUT4=1 LUT5=1)
  Clock Path Skew:        4.964ns (DCD - SCD + CPR)
    Destination Clock Delay (DCD):    4.964ns
    Source Clock Delay      (SCD):    0.000ns
    Clock Pessimism Removal (CPR):    0.000ns
  Clock Uncertainty:      0.025ns  ((TSJ^2 + TIJ^2)^1/2 + DJ) / 2 + PE
    Total System Jitter     (TSJ):    0.050ns
    Total Input Jitter      (TIJ):    0.000ns
    Discrete Jitter          (DJ):    0.000ns
    Phase Error              (PE):    0.000ns

    Location             Delay type                Incr(ns)  Path(ns)    Netlist Resource(s)
  -------------------------------------------------------------------    -------------------
    P15                                               0.000     0.000 r  sw[1] (IN)
                         net (fo=0)                   0.000     0.000    sw[1]
    P15                  IBUF (Prop_ibuf_I_O)         1.451     1.451 r  sw_IBUF[1]_inst/O
                         net (fo=3, routed)           2.733     4.184    red_led/sw_IBUF[1]
    SLICE_X43Y61         LUT4 (Prop_lut4_I3_O)        0.124     4.308 r  red_led/clk_cnt[0]_i_3/O
                         net (fo=2, routed)           2.780     7.088    red_led/clk_cnt[0]_i_3_n_0
    SLICE_X43Y13         LUT5 (Prop_lut5_I0_O)        0.124     7.212 r  red_led/clk_cnt[0]_i_1/O
                         net (fo=32, routed)          0.901     8.113    red_led/clk_cnt[0]_i_1_n_0
    SLICE_X42Y16         FDRE                                         r  red_led/clk_cnt_reg[27]/R
  -------------------------------------------------------------------    -------------------

                         (clock sys_clk_pin rise edge)
                                                      0.000     0.000 r  
    K17                                               0.000     0.000 r  sys_clk (IN)
                         net (fo=0)                   0.000     0.000    sys_clk
    K17                  IBUF (Prop_ibuf_I_O)         1.421     1.421 r  sys_clk_IBUF_inst/O
                         net (fo=1, routed)           1.880     3.301    sys_clk_IBUF
    BUFGCTRL_X0Y16       BUFG (Prop_bufg_I_O)         0.091     3.392 r  sys_clk_IBUF_BUFG_inst/O
                         net (fo=99, routed)          1.572     4.964    red_led/sys_clk_IBUF_BUFG
    SLICE_X42Y16         FDRE                                         r  red_led/clk_cnt_reg[27]/C

Slack:                    inf
  Source:                 sw[1]
                            (input port)
  Destination:            red_led/clk_cnt_reg[28]/R
                            (rising edge-triggered cell FDRE clocked by sys_clk_pin  {rise@0.000ns fall@4.000ns period=8.000ns})
  Path Group:             (none)
  Path Type:              Setup (Max at Slow Process Corner)
  Data Path Delay:        8.108ns  (logic 1.699ns (20.953%)  route 6.409ns (79.047%))
  Logic Levels:           3  (IBUF=1 LUT4=1 LUT5=1)
  Clock Path Skew:        4.964ns (DCD - SCD + CPR)
    Destination Clock Delay (DCD):    4.964ns
    Source Clock Delay      (SCD):    0.000ns
    Clock Pessimism Removal (CPR):    0.000ns
  Clock Uncertainty:      0.025ns  ((TSJ^2 + TIJ^2)^1/2 + DJ) / 2 + PE
    Total System Jitter     (TSJ):    0.050ns
    Total Input Jitter      (TIJ):    0.000ns
    Discrete Jitter          (DJ):    0.000ns
    Phase Error              (PE):    0.000ns

    Location             Delay type                Incr(ns)  Path(ns)    Netlist Resource(s)
  -------------------------------------------------------------------    -------------------
    P15                                               0.000     0.000 r  sw[1] (IN)
                         net (fo=0)                   0.000     0.000    sw[1]
    P15                  IBUF (Prop_ibuf_I_O)         1.451     1.451 r  sw_IBUF[1]_inst/O
                         net (fo=3, routed)           2.733     4.184    red_led/sw_IBUF[1]
    SLICE_X43Y61         LUT4 (Prop_lut4_I3_O)        0.124     4.308 r  red_led/clk_cnt[0]_i_3/O
                         net (fo=2, routed)           2.780     7.088    red_led/clk_cnt[0]_i_3_n_0
    SLICE_X43Y13         LUT5 (Prop_lut5_I0_O)        0.124     7.212 r  red_led/clk_cnt[0]_i_1/O
                         net (fo=32, routed)          0.895     8.108    red_led/clk_cnt[0]_i_1_n_0
    SLICE_X42Y17         FDRE                                         r  red_led/clk_cnt_reg[28]/R
  -------------------------------------------------------------------    -------------------

                         (clock sys_clk_pin rise edge)
                                                      0.000     0.000 r  
    K17                                               0.000     0.000 r  sys_clk (IN)
                         net (fo=0)                   0.000     0.000    sys_clk
    K17                  IBUF (Prop_ibuf_I_O)         1.421     1.421 r  sys_clk_IBUF_inst/O
                         net (fo=1, routed)           1.880     3.301    sys_clk_IBUF
    BUFGCTRL_X0Y16       BUFG (Prop_bufg_I_O)         0.091     3.392 r  sys_clk_IBUF_BUFG_inst/O
                         net (fo=99, routed)          1.571     4.964    red_led/sys_clk_IBUF_BUFG
    SLICE_X42Y17         FDRE                                         r  red_led/clk_cnt_reg[28]/C

Slack:                    inf
  Source:                 sw[1]
                            (input port)
  Destination:            red_led/clk_cnt_reg[29]/R
                            (rising edge-triggered cell FDRE clocked by sys_clk_pin  {rise@0.000ns fall@4.000ns period=8.000ns})
  Path Group:             (none)
  Path Type:              Setup (Max at Slow Process Corner)
  Data Path Delay:        8.108ns  (logic 1.699ns (20.953%)  route 6.409ns (79.047%))
  Logic Levels:           3  (IBUF=1 LUT4=1 LUT5=1)
  Clock Path Skew:        4.964ns (DCD - SCD + CPR)
    Destination Clock Delay (DCD):    4.964ns
    Source Clock Delay      (SCD):    0.000ns
    Clock Pessimism Removal (CPR):    0.000ns
  Clock Uncertainty:      0.025ns  ((TSJ^2 + TIJ^2)^1/2 + DJ) / 2 + PE
    Total System Jitter     (TSJ):    0.050ns
    Total Input Jitter      (TIJ):    0.000ns
    Discrete Jitter          (DJ):    0.000ns
    Phase Error              (PE):    0.000ns

    Location             Delay type                Incr(ns)  Path(ns)    Netlist Resource(s)
  -------------------------------------------------------------------    -------------------
    P15                                               0.000     0.000 r  sw[1] (IN)
                         net (fo=0)                   0.000     0.000    sw[1]
    P15                  IBUF (Prop_ibuf_I_O)         1.451     1.451 r  sw_IBUF[1]_inst/O
                         net (fo=3, routed)           2.733     4.184    red_led/sw_IBUF[1]
    SLICE_X43Y61         LUT4 (Prop_lut4_I3_O)        0.124     4.308 r  red_led/clk_cnt[0]_i_3/O
                         net (fo=2, routed)           2.780     7.088    red_led/clk_cnt[0]_i_3_n_0
    SLICE_X43Y13         LUT5 (Prop_lut5_I0_O)        0.124     7.212 r  red_led/clk_cnt[0]_i_1/O
                         net (fo=32, routed)          0.895     8.108    red_led/clk_cnt[0]_i_1_n_0
    SLICE_X42Y17         FDRE                                         r  red_led/clk_cnt_reg[29]/R
  -------------------------------------------------------------------    -------------------

                         (clock sys_clk_pin rise edge)
                                                      0.000     0.000 r  
    K17                                               0.000     0.000 r  sys_clk (IN)
                         net (fo=0)                   0.000     0.000    sys_clk
    K17                  IBUF (Prop_ibuf_I_O)         1.421     1.421 r  sys_clk_IBUF_inst/O
                         net (fo=1, routed)           1.880     3.301    sys_clk_IBUF
    BUFGCTRL_X0Y16       BUFG (Prop_bufg_I_O)         0.091     3.392 r  sys_clk_IBUF_BUFG_inst/O
                         net (fo=99, routed)          1.571     4.964    red_led/sys_clk_IBUF_BUFG
    SLICE_X42Y17         FDRE                                         r  red_led/clk_cnt_reg[29]/C

Slack:                    inf
  Source:                 sw[1]
                            (input port)
  Destination:            red_led/clk_cnt_reg[30]/R
                            (rising edge-triggered cell FDRE clocked by sys_clk_pin  {rise@0.000ns fall@4.000ns period=8.000ns})
  Path Group:             (none)
  Path Type:              Setup (Max at Slow Process Corner)
  Data Path Delay:        8.108ns  (logic 1.699ns (20.953%)  route 6.409ns (79.047%))
  Logic Levels:           3  (IBUF=1 LUT4=1 LUT5=1)
  Clock Path Skew:        4.964ns (DCD - SCD + CPR)
    Destination Clock Delay (DCD):    4.964ns
    Source Clock Delay      (SCD):    0.000ns
    Clock Pessimism Removal (CPR):    0.000ns
  Clock Uncertainty:      0.025ns  ((TSJ^2 + TIJ^2)^1/2 + DJ) / 2 + PE
    Total System Jitter     (TSJ):    0.050ns
    Total Input Jitter      (TIJ):    0.000ns
    Discrete Jitter          (DJ):    0.000ns
    Phase Error              (PE):    0.000ns

    Location             Delay type                Incr(ns)  Path(ns)    Netlist Resource(s)
  -------------------------------------------------------------------    -------------------
    P15                                               0.000     0.000 r  sw[1] (IN)
                         net (fo=0)                   0.000     0.000    sw[1]
    P15                  IBUF (Prop_ibuf_I_O)         1.451     1.451 r  sw_IBUF[1]_inst/O
                         net (fo=3, routed)           2.733     4.184    red_led/sw_IBUF[1]
    SLICE_X43Y61         LUT4 (Prop_lut4_I3_O)        0.124     4.308 r  red_led/clk_cnt[0]_i_3/O
                         net (fo=2, routed)           2.780     7.088    red_led/clk_cnt[0]_i_3_n_0
    SLICE_X43Y13         LUT5 (Prop_lut5_I0_O)        0.124     7.212 r  red_led/clk_cnt[0]_i_1/O
                         net (fo=32, routed)          0.895     8.108    red_led/clk_cnt[0]_i_1_n_0
    SLICE_X42Y17         FDRE                                         r  red_led/clk_cnt_reg[30]/R
  -------------------------------------------------------------------    -------------------

                         (clock sys_clk_pin rise edge)
                                                      0.000     0.000 r  
    K17                                               0.000     0.000 r  sys_clk (IN)
                         net (fo=0)                   0.000     0.000    sys_clk
    K17                  IBUF (Prop_ibuf_I_O)         1.421     1.421 r  sys_clk_IBUF_inst/O
                         net (fo=1, routed)           1.880     3.301    sys_clk_IBUF
    BUFGCTRL_X0Y16       BUFG (Prop_bufg_I_O)         0.091     3.392 r  sys_clk_IBUF_BUFG_inst/O
                         net (fo=99, routed)          1.571     4.964    red_led/sys_clk_IBUF_BUFG
    SLICE_X42Y17         FDRE                                         r  red_led/clk_cnt_reg[30]/C

Slack:                    inf
  Source:                 sw[1]
                            (input port)
  Destination:            red_led/clk_cnt_reg[31]/R
                            (rising edge-triggered cell FDRE clocked by sys_clk_pin  {rise@0.000ns fall@4.000ns period=8.000ns})
  Path Group:             (none)
  Path Type:              Setup (Max at Slow Process Corner)
  Data Path Delay:        8.108ns  (logic 1.699ns (20.953%)  route 6.409ns (79.047%))
  Logic Levels:           3  (IBUF=1 LUT4=1 LUT5=1)
  Clock Path Skew:        4.964ns (DCD - SCD + CPR)
    Destination Clock Delay (DCD):    4.964ns
    Source Clock Delay      (SCD):    0.000ns
    Clock Pessimism Removal (CPR):    0.000ns
  Clock Uncertainty:      0.025ns  ((TSJ^2 + TIJ^2)^1/2 + DJ) / 2 + PE
    Total System Jitter     (TSJ):    0.050ns
    Total Input Jitter      (TIJ):    0.000ns
    Discrete Jitter          (DJ):    0.000ns
    Phase Error              (PE):    0.000ns

    Location             Delay type                Incr(ns)  Path(ns)    Netlist Resource(s)
  -------------------------------------------------------------------    -------------------
    P15                                               0.000     0.000 r  sw[1] (IN)
                         net (fo=0)                   0.000     0.000    sw[1]
    P15                  IBUF (Prop_ibuf_I_O)         1.451     1.451 r  sw_IBUF[1]_inst/O
                         net (fo=3, routed)           2.733     4.184    red_led/sw_IBUF[1]
    SLICE_X43Y61         LUT4 (Prop_lut4_I3_O)        0.124     4.308 r  red_led/clk_cnt[0]_i_3/O
                         net (fo=2, routed)           2.780     7.088    red_led/clk_cnt[0]_i_3_n_0
    SLICE_X43Y13         LUT5 (Prop_lut5_I0_O)        0.124     7.212 r  red_led/clk_cnt[0]_i_1/O
                         net (fo=32, routed)          0.895     8.108    red_led/clk_cnt[0]_i_1_n_0
    SLICE_X42Y17         FDRE                                         r  red_led/clk_cnt_reg[31]/R
  -------------------------------------------------------------------    -------------------

                         (clock sys_clk_pin rise edge)
                                                      0.000     0.000 r  
    K17                                               0.000     0.000 r  sys_clk (IN)
                         net (fo=0)                   0.000     0.000    sys_clk
    K17                  IBUF (Prop_ibuf_I_O)         1.421     1.421 r  sys_clk_IBUF_inst/O
                         net (fo=1, routed)           1.880     3.301    sys_clk_IBUF
    BUFGCTRL_X0Y16       BUFG (Prop_bufg_I_O)         0.091     3.392 r  sys_clk_IBUF_BUFG_inst/O
                         net (fo=99, routed)          1.571     4.964    red_led/sys_clk_IBUF_BUFG
    SLICE_X42Y17         FDRE                                         r  red_led/clk_cnt_reg[31]/C

Slack:                    inf
  Source:                 sw[1]
                            (input port)
  Destination:            red_led/clk_cnt_reg[20]/R
                            (rising edge-triggered cell FDRE clocked by sys_clk_pin  {rise@0.000ns fall@4.000ns period=8.000ns})
  Path Group:             (none)
  Path Type:              Setup (Max at Slow Process Corner)
  Data Path Delay:        7.974ns  (logic 1.699ns (21.303%)  route 6.276ns (78.697%))
  Logic Levels:           3  (IBUF=1 LUT4=1 LUT5=1)
  Clock Path Skew:        4.965ns (DCD - SCD + CPR)
    Destination Clock Delay (DCD):    4.965ns
    Source Clock Delay      (SCD):    0.000ns
    Clock Pessimism Removal (CPR):    0.000ns
  Clock Uncertainty:      0.025ns  ((TSJ^2 + TIJ^2)^1/2 + DJ) / 2 + PE
    Total System Jitter     (TSJ):    0.050ns
    Total Input Jitter      (TIJ):    0.000ns
    Discrete Jitter          (DJ):    0.000ns
    Phase Error              (PE):    0.000ns

    Location             Delay type                Incr(ns)  Path(ns)    Netlist Resource(s)
  -------------------------------------------------------------------    -------------------
    P15                                               0.000     0.000 r  sw[1] (IN)
                         net (fo=0)                   0.000     0.000    sw[1]
    P15                  IBUF (Prop_ibuf_I_O)         1.451     1.451 r  sw_IBUF[1]_inst/O
                         net (fo=3, routed)           2.733     4.184    red_led/sw_IBUF[1]
    SLICE_X43Y61         LUT4 (Prop_lut4_I3_O)        0.124     4.308 r  red_led/clk_cnt[0]_i_3/O
                         net (fo=2, routed)           2.780     7.088    red_led/clk_cnt[0]_i_3_n_0
    SLICE_X43Y13         LUT5 (Prop_lut5_I0_O)        0.124     7.212 r  red_led/clk_cnt[0]_i_1/O
                         net (fo=32, routed)          0.762     7.974    red_led/clk_cnt[0]_i_1_n_0
    SLICE_X42Y15         FDRE                                         r  red_led/clk_cnt_reg[20]/R
  -------------------------------------------------------------------    -------------------

                         (clock sys_clk_pin rise edge)
                                                      0.000     0.000 r  
    K17                                               0.000     0.000 r  sys_clk (IN)
                         net (fo=0)                   0.000     0.000    sys_clk
    K17                  IBUF (Prop_ibuf_I_O)         1.421     1.421 r  sys_clk_IBUF_inst/O
                         net (fo=1, routed)           1.880     3.301    sys_clk_IBUF
    BUFGCTRL_X0Y16       BUFG (Prop_bufg_I_O)         0.091     3.392 r  sys_clk_IBUF_BUFG_inst/O
                         net (fo=99, routed)          1.573     4.965    red_led/sys_clk_IBUF_BUFG
    SLICE_X42Y15         FDRE                                         r  red_led/clk_cnt_reg[20]/C

Slack:                    inf
  Source:                 sw[1]
                            (input port)
  Destination:            red_led/clk_cnt_reg[21]/R
                            (rising edge-triggered cell FDRE clocked by sys_clk_pin  {rise@0.000ns fall@4.000ns period=8.000ns})
  Path Group:             (none)
  Path Type:              Setup (Max at Slow Process Corner)
  Data Path Delay:        7.974ns  (logic 1.699ns (21.303%)  route 6.276ns (78.697%))
  Logic Levels:           3  (IBUF=1 LUT4=1 LUT5=1)
  Clock Path Skew:        4.965ns (DCD - SCD + CPR)
    Destination Clock Delay (DCD):    4.965ns
    Source Clock Delay      (SCD):    0.000ns
    Clock Pessimism Removal (CPR):    0.000ns
  Clock Uncertainty:      0.025ns  ((TSJ^2 + TIJ^2)^1/2 + DJ) / 2 + PE
    Total System Jitter     (TSJ):    0.050ns
    Total Input Jitter      (TIJ):    0.000ns
    Discrete Jitter          (DJ):    0.000ns
    Phase Error              (PE):    0.000ns

    Location             Delay type                Incr(ns)  Path(ns)    Netlist Resource(s)
  -------------------------------------------------------------------    -------------------
    P15                                               0.000     0.000 r  sw[1] (IN)
                         net (fo=0)                   0.000     0.000    sw[1]
    P15                  IBUF (Prop_ibuf_I_O)         1.451     1.451 r  sw_IBUF[1]_inst/O
                         net (fo=3, routed)           2.733     4.184    red_led/sw_IBUF[1]
    SLICE_X43Y61         LUT4 (Prop_lut4_I3_O)        0.124     4.308 r  red_led/clk_cnt[0]_i_3/O
                         net (fo=2, routed)           2.780     7.088    red_led/clk_cnt[0]_i_3_n_0
    SLICE_X43Y13         LUT5 (Prop_lut5_I0_O)        0.124     7.212 r  red_led/clk_cnt[0]_i_1/O
                         net (fo=32, routed)          0.762     7.974    red_led/clk_cnt[0]_i_1_n_0
    SLICE_X42Y15         FDRE                                         r  red_led/clk_cnt_reg[21]/R
  -------------------------------------------------------------------    -------------------

                         (clock sys_clk_pin rise edge)
                                                      0.000     0.000 r  
    K17                                               0.000     0.000 r  sys_clk (IN)
                         net (fo=0)                   0.000     0.000    sys_clk
    K17                  IBUF (Prop_ibuf_I_O)         1.421     1.421 r  sys_clk_IBUF_inst/O
                         net (fo=1, routed)           1.880     3.301    sys_clk_IBUF
    BUFGCTRL_X0Y16       BUFG (Prop_bufg_I_O)         0.091     3.392 r  sys_clk_IBUF_BUFG_inst/O
                         net (fo=99, routed)          1.573     4.965    red_led/sys_clk_IBUF_BUFG
    SLICE_X42Y15         FDRE                                         r  red_led/clk_cnt_reg[21]/C





Min Delay Paths
--------------------------------------------------------------------------------------
Slack:                    inf
  Source:                 sw[0]
                            (input port)
  Destination:            green_led/led_internal_reg/D
                            (rising edge-triggered cell FDRE clocked by sys_clk_pin  {rise@0.000ns fall@4.000ns period=8.000ns})
  Path Group:             (none)
  Path Type:              Hold (Min at Fast Process Corner)
  Data Path Delay:        1.191ns  (logic 0.310ns (26.064%)  route 0.881ns (73.936%))
  Logic Levels:           3  (IBUF=1 LUT4=1 LUT6=1)
  Clock Path Skew:        2.013ns (DCD - SCD - CPR)
    Destination Clock Delay (DCD):    2.013ns
    Source Clock Delay      (SCD):    0.000ns
    Clock Pessimism Removal (CPR):    -0.000ns

    Location             Delay type                Incr(ns)  Path(ns)    Netlist Resource(s)
  -------------------------------------------------------------------    -------------------
    G15                                               0.000     0.000 f  sw[0] (IN)
                         net (fo=0)                   0.000     0.000    sw[0]
    G15                  IBUF (Prop_ibuf_I_O)         0.220     0.220 f  sw_IBUF[0]_inst/O
                         net (fo=3, routed)           0.335     0.555    green_led/sw_IBUF[0]
    SLICE_X43Y61         LUT4 (Prop_lut4_I3_O)        0.045     0.600 f  green_led/clk_cnt[0]_i_3__0/O
                         net (fo=2, routed)           0.546     1.146    green_led/clk_cnt[0]_i_3__0_n_0
    SLICE_X42Y87         LUT6 (Prop_lut6_I5_O)        0.045     1.191 r  green_led/led_internal_i_1__0/O
                         net (fo=1, routed)           0.000     1.191    green_led/led_internal_i_1__0_n_0
    SLICE_X42Y87         FDRE                                         r  green_led/led_internal_reg/D
  -------------------------------------------------------------------    -------------------

                         (clock sys_clk_pin rise edge)
                                                      0.000     0.000 r  
    K17                                               0.000     0.000 r  sys_clk (IN)
                         net (fo=0)                   0.000     0.000    sys_clk
    K17                  IBUF (Prop_ibuf_I_O)         0.447     0.447 r  sys_clk_IBUF_inst/O
                         net (fo=1, routed)           0.683     1.130    sys_clk_IBUF
    BUFGCTRL_X0Y16       BUFG (Prop_bufg_I_O)         0.029     1.159 r  sys_clk_IBUF_BUFG_inst/O
                         net (fo=99, routed)          0.854     2.013    green_led/sys_clk_IBUF_BUFG
    SLICE_X42Y87         FDRE                                         r  green_led/led_internal_reg/C

Slack:                    inf
  Source:                 sw[0]
                            (input port)
  Destination:            green_led/clk_cnt_reg[16]/R
                            (rising edge-triggered cell FDRE clocked by sys_clk_pin  {rise@0.000ns fall@4.000ns period=8.000ns})
  Path Group:             (none)
  Path Type:              Hold (Min at Fast Process Corner)
  Data Path Delay:        1.453ns  (logic 0.310ns (21.366%)  route 1.143ns (78.634%))
  Logic Levels:           3  (IBUF=1 LUT4=1 LUT5=1)
  Clock Path Skew:        2.013ns (DCD - SCD - CPR)
    Destination Clock Delay (DCD):    2.013ns
    Source Clock Delay      (SCD):    0.000ns
    Clock Pessimism Removal (CPR):    -0.000ns

    Location             Delay type                Incr(ns)  Path(ns)    Netlist Resource(s)
  -------------------------------------------------------------------    -------------------
    G15                                               0.000     0.000 r  sw[0] (IN)
                         net (fo=0)                   0.000     0.000    sw[0]
    G15                  IBUF (Prop_ibuf_I_O)         0.220     0.220 r  sw_IBUF[0]_inst/O
                         net (fo=3, routed)           0.335     0.555    green_led/sw_IBUF[0]
    SLICE_X43Y61         LUT4 (Prop_lut4_I3_O)        0.045     0.600 r  green_led/clk_cnt[0]_i_3__0/O
                         net (fo=2, routed)           0.610     1.210    green_led/clk_cnt[0]_i_3__0_n_0
    SLICE_X41Y87         LUT5 (Prop_lut5_I0_O)        0.045     1.255 r  green_led/clk_cnt[0]_i_1__0/O
                         net (fo=32, routed)          0.198     1.453    green_led/clk_cnt[0]_i_1__0_n_0
    SLICE_X40Y87         FDRE                                         r  green_led/clk_cnt_reg[16]/R
  -------------------------------------------------------------------    -------------------

                         (clock sys_clk_pin rise edge)
                                                      0.000     0.000 r  
    K17                                               0.000     0.000 r  sys_clk (IN)
                         net (fo=0)                   0.000     0.000    sys_clk
    K17                  IBUF (Prop_ibuf_I_O)         0.447     0.447 r  sys_clk_IBUF_inst/O
                         net (fo=1, routed)           0.683     1.130    sys_clk_IBUF
    BUFGCTRL_X0Y16       BUFG (Prop_bufg_I_O)         0.029     1.159 r  sys_clk_IBUF_BUFG_inst/O
                         net (fo=99, routed)          0.854     2.013    green_led/sys_clk_IBUF_BUFG
    SLICE_X40Y87         FDRE                                         r  green_led/clk_cnt_reg[16]/C

Slack:                    inf
  Source:                 sw[0]
                            (input port)
  Destination:            green_led/clk_cnt_reg[17]/R
                            (rising edge-triggered cell FDRE clocked by sys_clk_pin  {rise@0.000ns fall@4.000ns period=8.000ns})
  Path Group:             (none)
  Path Type:              Hold (Min at Fast Process Corner)
  Data Path Delay:        1.453ns  (logic 0.310ns (21.366%)  route 1.143ns (78.634%))
  Logic Levels:           3  (IBUF=1 LUT4=1 LUT5=1)
  Clock Path Skew:        2.013ns (DCD - SCD - CPR)
    Destination Clock Delay (DCD):    2.013ns
    Source Clock Delay      (SCD):    0.000ns
    Clock Pessimism Removal (CPR):    -0.000ns

    Location             Delay type                Incr(ns)  Path(ns)    Netlist Resource(s)
  -------------------------------------------------------------------    -------------------
    G15                                               0.000     0.000 r  sw[0] (IN)
                         net (fo=0)                   0.000     0.000    sw[0]
    G15                  IBUF (Prop_ibuf_I_O)         0.220     0.220 r  sw_IBUF[0]_inst/O
                         net (fo=3, routed)           0.335     0.555    green_led/sw_IBUF[0]
    SLICE_X43Y61         LUT4 (Prop_lut4_I3_O)        0.045     0.600 r  green_led/clk_cnt[0]_i_3__0/O
                         net (fo=2, routed)           0.610     1.210    green_led/clk_cnt[0]_i_3__0_n_0
    SLICE_X41Y87         LUT5 (Prop_lut5_I0_O)        0.045     1.255 r  green_led/clk_cnt[0]_i_1__0/O
                         net (fo=32, routed)          0.198     1.453    green_led/clk_cnt[0]_i_1__0_n_0
    SLICE_X40Y87         FDRE                                         r  green_led/clk_cnt_reg[17]/R
  -------------------------------------------------------------------    -------------------

                         (clock sys_clk_pin rise edge)
                                                      0.000     0.000 r  
    K17                                               0.000     0.000 r  sys_clk (IN)
                         net (fo=0)                   0.000     0.000    sys_clk
    K17                  IBUF (Prop_ibuf_I_O)         0.447     0.447 r  sys_clk_IBUF_inst/O
                         net (fo=1, routed)           0.683     1.130    sys_clk_IBUF
    BUFGCTRL_X0Y16       BUFG (Prop_bufg_I_O)         0.029     1.159 r  sys_clk_IBUF_BUFG_inst/O
                         net (fo=99, routed)          0.854     2.013    green_led/sys_clk_IBUF_BUFG
    SLICE_X40Y87         FDRE                                         r  green_led/clk_cnt_reg[17]/C

Slack:                    inf
  Source:                 sw[0]
                            (input port)
  Destination:            green_led/clk_cnt_reg[18]/R
                            (rising edge-triggered cell FDRE clocked by sys_clk_pin  {rise@0.000ns fall@4.000ns period=8.000ns})
  Path Group:             (none)
  Path Type:              Hold (Min at Fast Process Corner)
  Data Path Delay:        1.453ns  (logic 0.310ns (21.366%)  route 1.143ns (78.634%))
  Logic Levels:           3  (IBUF=1 LUT4=1 LUT5=1)
  Clock Path Skew:        2.013ns (DCD - SCD - CPR)
    Destination Clock Delay (DCD):    2.013ns
    Source Clock Delay      (SCD):    0.000ns
    Clock Pessimism Removal (CPR):    -0.000ns

    Location             Delay type                Incr(ns)  Path(ns)    Netlist Resource(s)
  -------------------------------------------------------------------    -------------------
    G15                                               0.000     0.000 r  sw[0] (IN)
                         net (fo=0)                   0.000     0.000    sw[0]
    G15                  IBUF (Prop_ibuf_I_O)         0.220     0.220 r  sw_IBUF[0]_inst/O
                         net (fo=3, routed)           0.335     0.555    green_led/sw_IBUF[0]
    SLICE_X43Y61         LUT4 (Prop_lut4_I3_O)        0.045     0.600 r  green_led/clk_cnt[0]_i_3__0/O
                         net (fo=2, routed)           0.610     1.210    green_led/clk_cnt[0]_i_3__0_n_0
    SLICE_X41Y87         LUT5 (Prop_lut5_I0_O)        0.045     1.255 r  green_led/clk_cnt[0]_i_1__0/O
                         net (fo=32, routed)          0.198     1.453    green_led/clk_cnt[0]_i_1__0_n_0
    SLICE_X40Y87         FDRE                                         r  green_led/clk_cnt_reg[18]/R
  -------------------------------------------------------------------    -------------------

                         (clock sys_clk_pin rise edge)
                                                      0.000     0.000 r  
    K17                                               0.000     0.000 r  sys_clk (IN)
                         net (fo=0)                   0.000     0.000    sys_clk
    K17                  IBUF (Prop_ibuf_I_O)         0.447     0.447 r  sys_clk_IBUF_inst/O
                         net (fo=1, routed)           0.683     1.130    sys_clk_IBUF
    BUFGCTRL_X0Y16       BUFG (Prop_bufg_I_O)         0.029     1.159 r  sys_clk_IBUF_BUFG_inst/O
                         net (fo=99, routed)          0.854     2.013    green_led/sys_clk_IBUF_BUFG
    SLICE_X40Y87         FDRE                                         r  green_led/clk_cnt_reg[18]/C

Slack:                    inf
  Source:                 sw[0]
                            (input port)
  Destination:            green_led/clk_cnt_reg[19]/R
                            (rising edge-triggered cell FDRE clocked by sys_clk_pin  {rise@0.000ns fall@4.000ns period=8.000ns})
  Path Group:             (none)
  Path Type:              Hold (Min at Fast Process Corner)
  Data Path Delay:        1.453ns  (logic 0.310ns (21.366%)  route 1.143ns (78.634%))
  Logic Levels:           3  (IBUF=1 LUT4=1 LUT5=1)
  Clock Path Skew:        2.013ns (DCD - SCD - CPR)
    Destination Clock Delay (DCD):    2.013ns
    Source Clock Delay      (SCD):    0.000ns
    Clock Pessimism Removal (CPR):    -0.000ns

    Location             Delay type                Incr(ns)  Path(ns)    Netlist Resource(s)
  -------------------------------------------------------------------    -------------------
    G15                                               0.000     0.000 r  sw[0] (IN)
                         net (fo=0)                   0.000     0.000    sw[0]
    G15                  IBUF (Prop_ibuf_I_O)         0.220     0.220 r  sw_IBUF[0]_inst/O
                         net (fo=3, routed)           0.335     0.555    green_led/sw_IBUF[0]
    SLICE_X43Y61         LUT4 (Prop_lut4_I3_O)        0.045     0.600 r  green_led/clk_cnt[0]_i_3__0/O
                         net (fo=2, routed)           0.610     1.210    green_led/clk_cnt[0]_i_3__0_n_0
    SLICE_X41Y87         LUT5 (Prop_lut5_I0_O)        0.045     1.255 r  green_led/clk_cnt[0]_i_1__0/O
                         net (fo=32, routed)          0.198     1.453    green_led/clk_cnt[0]_i_1__0_n_0
    SLICE_X40Y87         FDRE                                         r  green_led/clk_cnt_reg[19]/R
  -------------------------------------------------------------------    -------------------

                         (clock sys_clk_pin rise edge)
                                                      0.000     0.000 r  
    K17                                               0.000     0.000 r  sys_clk (IN)
                         net (fo=0)                   0.000     0.000    sys_clk
    K17                  IBUF (Prop_ibuf_I_O)         0.447     0.447 r  sys_clk_IBUF_inst/O
                         net (fo=1, routed)           0.683     1.130    sys_clk_IBUF
    BUFGCTRL_X0Y16       BUFG (Prop_bufg_I_O)         0.029     1.159 r  sys_clk_IBUF_BUFG_inst/O
                         net (fo=99, routed)          0.854     2.013    green_led/sys_clk_IBUF_BUFG
    SLICE_X40Y87         FDRE                                         r  green_led/clk_cnt_reg[19]/C

Slack:                    inf
  Source:                 sw[0]
                            (input port)
  Destination:            green_led/clk_cnt_reg[12]/R
                            (rising edge-triggered cell FDRE clocked by sys_clk_pin  {rise@0.000ns fall@4.000ns period=8.000ns})
  Path Group:             (none)
  Path Type:              Hold (Min at Fast Process Corner)
  Data Path Delay:        1.461ns  (logic 0.310ns (21.258%)  route 1.150ns (78.742%))
  Logic Levels:           3  (IBUF=1 LUT4=1 LUT5=1)
  Clock Path Skew:        2.012ns (DCD - SCD - CPR)
    Destination Clock Delay (DCD):    2.012ns
    Source Clock Delay      (SCD):    0.000ns
    Clock Pessimism Removal (CPR):    -0.000ns

    Location             Delay type                Incr(ns)  Path(ns)    Netlist Resource(s)
  -------------------------------------------------------------------    -------------------
    G15                                               0.000     0.000 r  sw[0] (IN)
                         net (fo=0)                   0.000     0.000    sw[0]
    G15                  IBUF (Prop_ibuf_I_O)         0.220     0.220 r  sw_IBUF[0]_inst/O
                         net (fo=3, routed)           0.335     0.555    green_led/sw_IBUF[0]
    SLICE_X43Y61         LUT4 (Prop_lut4_I3_O)        0.045     0.600 r  green_led/clk_cnt[0]_i_3__0/O
                         net (fo=2, routed)           0.610     1.210    green_led/clk_cnt[0]_i_3__0_n_0
    SLICE_X41Y87         LUT5 (Prop_lut5_I0_O)        0.045     1.255 r  green_led/clk_cnt[0]_i_1__0/O
                         net (fo=32, routed)          0.206     1.461    green_led/clk_cnt[0]_i_1__0_n_0
    SLICE_X40Y86         FDRE                                         r  green_led/clk_cnt_reg[12]/R
  -------------------------------------------------------------------    -------------------

                         (clock sys_clk_pin rise edge)
                                                      0.000     0.000 r  
    K17                                               0.000     0.000 r  sys_clk (IN)
                         net (fo=0)                   0.000     0.000    sys_clk
    K17                  IBUF (Prop_ibuf_I_O)         0.447     0.447 r  sys_clk_IBUF_inst/O
                         net (fo=1, routed)           0.683     1.130    sys_clk_IBUF
    BUFGCTRL_X0Y16       BUFG (Prop_bufg_I_O)         0.029     1.159 r  sys_clk_IBUF_BUFG_inst/O
                         net (fo=99, routed)          0.853     2.012    green_led/sys_clk_IBUF_BUFG
    SLICE_X40Y86         FDRE                                         r  green_led/clk_cnt_reg[12]/C

Slack:                    inf
  Source:                 sw[0]
                            (input port)
  Destination:            green_led/clk_cnt_reg[13]/R
                            (rising edge-triggered cell FDRE clocked by sys_clk_pin  {rise@0.000ns fall@4.000ns period=8.000ns})
  Path Group:             (none)
  Path Type:              Hold (Min at Fast Process Corner)
  Data Path Delay:        1.461ns  (logic 0.310ns (21.258%)  route 1.150ns (78.742%))
  Logic Levels:           3  (IBUF=1 LUT4=1 LUT5=1)
  Clock Path Skew:        2.012ns (DCD - SCD - CPR)
    Destination Clock Delay (DCD):    2.012ns
    Source Clock Delay      (SCD):    0.000ns
    Clock Pessimism Removal (CPR):    -0.000ns

    Location             Delay type                Incr(ns)  Path(ns)    Netlist Resource(s)
  -------------------------------------------------------------------    -------------------
    G15                                               0.000     0.000 r  sw[0] (IN)
                         net (fo=0)                   0.000     0.000    sw[0]
    G15                  IBUF (Prop_ibuf_I_O)         0.220     0.220 r  sw_IBUF[0]_inst/O
                         net (fo=3, routed)           0.335     0.555    green_led/sw_IBUF[0]
    SLICE_X43Y61         LUT4 (Prop_lut4_I3_O)        0.045     0.600 r  green_led/clk_cnt[0]_i_3__0/O
                         net (fo=2, routed)           0.610     1.210    green_led/clk_cnt[0]_i_3__0_n_0
    SLICE_X41Y87         LUT5 (Prop_lut5_I0_O)        0.045     1.255 r  green_led/clk_cnt[0]_i_1__0/O
                         net (fo=32, routed)          0.206     1.461    green_led/clk_cnt[0]_i_1__0_n_0
    SLICE_X40Y86         FDRE                                         r  green_led/clk_cnt_reg[13]/R
  -------------------------------------------------------------------    -------------------

                         (clock sys_clk_pin rise edge)
                                                      0.000     0.000 r  
    K17                                               0.000     0.000 r  sys_clk (IN)
                         net (fo=0)                   0.000     0.000    sys_clk
    K17                  IBUF (Prop_ibuf_I_O)         0.447     0.447 r  sys_clk_IBUF_inst/O
                         net (fo=1, routed)           0.683     1.130    sys_clk_IBUF
    BUFGCTRL_X0Y16       BUFG (Prop_bufg_I_O)         0.029     1.159 r  sys_clk_IBUF_BUFG_inst/O
                         net (fo=99, routed)          0.853     2.012    green_led/sys_clk_IBUF_BUFG
    SLICE_X40Y86         FDRE                                         r  green_led/clk_cnt_reg[13]/C

Slack:                    inf
  Source:                 sw[0]
                            (input port)
  Destination:            green_led/clk_cnt_reg[14]/R
                            (rising edge-triggered cell FDRE clocked by sys_clk_pin  {rise@0.000ns fall@4.000ns period=8.000ns})
  Path Group:             (none)
  Path Type:              Hold (Min at Fast Process Corner)
  Data Path Delay:        1.461ns  (logic 0.310ns (21.258%)  route 1.150ns (78.742%))
  Logic Levels:           3  (IBUF=1 LUT4=1 LUT5=1)
  Clock Path Skew:        2.012ns (DCD - SCD - CPR)
    Destination Clock Delay (DCD):    2.012ns
    Source Clock Delay      (SCD):    0.000ns
    Clock Pessimism Removal (CPR):    -0.000ns

    Location             Delay type                Incr(ns)  Path(ns)    Netlist Resource(s)
  -------------------------------------------------------------------    -------------------
    G15                                               0.000     0.000 r  sw[0] (IN)
                         net (fo=0)                   0.000     0.000    sw[0]
    G15                  IBUF (Prop_ibuf_I_O)         0.220     0.220 r  sw_IBUF[0]_inst/O
                         net (fo=3, routed)           0.335     0.555    green_led/sw_IBUF[0]
    SLICE_X43Y61         LUT4 (Prop_lut4_I3_O)        0.045     0.600 r  green_led/clk_cnt[0]_i_3__0/O
                         net (fo=2, routed)           0.610     1.210    green_led/clk_cnt[0]_i_3__0_n_0
    SLICE_X41Y87         LUT5 (Prop_lut5_I0_O)        0.045     1.255 r  green_led/clk_cnt[0]_i_1__0/O
                         net (fo=32, routed)          0.206     1.461    green_led/clk_cnt[0]_i_1__0_n_0
    SLICE_X40Y86         FDRE                                         r  green_led/clk_cnt_reg[14]/R
  -------------------------------------------------------------------    -------------------

                         (clock sys_clk_pin rise edge)
                                                      0.000     0.000 r  
    K17                                               0.000     0.000 r  sys_clk (IN)
                         net (fo=0)                   0.000     0.000    sys_clk
    K17                  IBUF (Prop_ibuf_I_O)         0.447     0.447 r  sys_clk_IBUF_inst/O
                         net (fo=1, routed)           0.683     1.130    sys_clk_IBUF
    BUFGCTRL_X0Y16       BUFG (Prop_bufg_I_O)         0.029     1.159 r  sys_clk_IBUF_BUFG_inst/O
                         net (fo=99, routed)          0.853     2.012    green_led/sys_clk_IBUF_BUFG
    SLICE_X40Y86         FDRE                                         r  green_led/clk_cnt_reg[14]/C

Slack:                    inf
  Source:                 sw[0]
                            (input port)
  Destination:            green_led/clk_cnt_reg[15]/R
                            (rising edge-triggered cell FDRE clocked by sys_clk_pin  {rise@0.000ns fall@4.000ns period=8.000ns})
  Path Group:             (none)
  Path Type:              Hold (Min at Fast Process Corner)
  Data Path Delay:        1.461ns  (logic 0.310ns (21.258%)  route 1.150ns (78.742%))
  Logic Levels:           3  (IBUF=1 LUT4=1 LUT5=1)
  Clock Path Skew:        2.012ns (DCD - SCD - CPR)
    Destination Clock Delay (DCD):    2.012ns
    Source Clock Delay      (SCD):    0.000ns
    Clock Pessimism Removal (CPR):    -0.000ns

    Location             Delay type                Incr(ns)  Path(ns)    Netlist Resource(s)
  -------------------------------------------------------------------    -------------------
    G15                                               0.000     0.000 r  sw[0] (IN)
                         net (fo=0)                   0.000     0.000    sw[0]
    G15                  IBUF (Prop_ibuf_I_O)         0.220     0.220 r  sw_IBUF[0]_inst/O
                         net (fo=3, routed)           0.335     0.555    green_led/sw_IBUF[0]
    SLICE_X43Y61         LUT4 (Prop_lut4_I3_O)        0.045     0.600 r  green_led/clk_cnt[0]_i_3__0/O
                         net (fo=2, routed)           0.610     1.210    green_led/clk_cnt[0]_i_3__0_n_0
    SLICE_X41Y87         LUT5 (Prop_lut5_I0_O)        0.045     1.255 r  green_led/clk_cnt[0]_i_1__0/O
                         net (fo=32, routed)          0.206     1.461    green_led/clk_cnt[0]_i_1__0_n_0
    SLICE_X40Y86         FDRE                                         r  green_led/clk_cnt_reg[15]/R
  -------------------------------------------------------------------    -------------------

                         (clock sys_clk_pin rise edge)
                                                      0.000     0.000 r  
    K17                                               0.000     0.000 r  sys_clk (IN)
                         net (fo=0)                   0.000     0.000    sys_clk
    K17                  IBUF (Prop_ibuf_I_O)         0.447     0.447 r  sys_clk_IBUF_inst/O
                         net (fo=1, routed)           0.683     1.130    sys_clk_IBUF
    BUFGCTRL_X0Y16       BUFG (Prop_bufg_I_O)         0.029     1.159 r  sys_clk_IBUF_BUFG_inst/O
                         net (fo=99, routed)          0.853     2.012    green_led/sys_clk_IBUF_BUFG
    SLICE_X40Y86         FDRE                                         r  green_led/clk_cnt_reg[15]/C

Slack:                    inf
  Source:                 sw[0]
                            (input port)
  Destination:            green_led/clk_cnt_reg[10]/R
                            (rising edge-triggered cell FDRE clocked by sys_clk_pin  {rise@0.000ns fall@4.000ns period=8.000ns})
  Path Group:             (none)
  Path Type:              Hold (Min at Fast Process Corner)
  Data Path Delay:        1.462ns  (logic 0.310ns (21.236%)  route 1.152ns (78.764%))
  Logic Levels:           3  (IBUF=1 LUT4=1 LUT5=1)
  Clock Path Skew:        2.012ns (DCD - SCD - CPR)
    Destination Clock Delay (DCD):    2.012ns
    Source Clock Delay      (SCD):    0.000ns
    Clock Pessimism Removal (CPR):    -0.000ns

    Location             Delay type                Incr(ns)  Path(ns)    Netlist Resource(s)
  -------------------------------------------------------------------    -------------------
    G15                                               0.000     0.000 r  sw[0] (IN)
                         net (fo=0)                   0.000     0.000    sw[0]
    G15                  IBUF (Prop_ibuf_I_O)         0.220     0.220 r  sw_IBUF[0]_inst/O
                         net (fo=3, routed)           0.335     0.555    green_led/sw_IBUF[0]
    SLICE_X43Y61         LUT4 (Prop_lut4_I3_O)        0.045     0.600 r  green_led/clk_cnt[0]_i_3__0/O
                         net (fo=2, routed)           0.610     1.210    green_led/clk_cnt[0]_i_3__0_n_0
    SLICE_X41Y87         LUT5 (Prop_lut5_I0_O)        0.045     1.255 r  green_led/clk_cnt[0]_i_1__0/O
                         net (fo=32, routed)          0.207     1.462    green_led/clk_cnt[0]_i_1__0_n_0
    SLICE_X40Y85         FDRE                                         r  green_led/clk_cnt_reg[10]/R
  -------------------------------------------------------------------    -------------------

                         (clock sys_clk_pin rise edge)
                                                      0.000     0.000 r  
    K17                                               0.000     0.000 r  sys_clk (IN)
                         net (fo=0)                   0.000     0.000    sys_clk
    K17                  IBUF (Prop_ibuf_I_O)         0.447     0.447 r  sys_clk_IBUF_inst/O
                         net (fo=1, routed)           0.683     1.130    sys_clk_IBUF
    BUFGCTRL_X0Y16       BUFG (Prop_bufg_I_O)         0.029     1.159 r  sys_clk_IBUF_BUFG_inst/O
                         net (fo=99, routed)          0.853     2.012    green_led/sys_clk_IBUF_BUFG
    SLICE_X40Y85         FDRE                                         r  green_led/clk_cnt_reg[10]/C





