Copyright 1986-2022 Xilinx, Inc. All Rights Reserved. Copyright 2022-2023 Advanced Micro Devices, Inc. All Rights Reserved.
---------------------------------------------------------------------------------------------------------------------------------------------------------------------------------------------------------------------------------
| Tool Version : Vivado v.2023.1 (win64) Build 3865809 Sun May  7 15:05:29 MDT 2023
| Date         : Sat Sep  5 19:19:52 2026
| Host         : TABLET-9UARK71U running 64-bit major release  (build 9200)
| Command      : report_timing_summary -max_paths 10 -report_unconstrained -file blinking_led_timing_summary_routed.rpt -pb blinking_led_timing_summary_routed.pb -rpx blinking_led_timing_summary_routed.rpx -warn_on_violation
| Design       : blinking_led
| Device       : 7z010-clg400
| Speed File   : -1  PRODUCTION 1.12 2019-11-22
| Design State : Routed
---------------------------------------------------------------------------------------------------------------------------------------------------------------------------------------------------------------------------------

Timing Summary Report

------------------------------------------------------------------------------------------------
| Timer Settings
| --------------
------------------------------------------------------------------------------------------------

  Enable Multi Corner Analysis               :  Yes
  Enable Pessimism Removal                   :  Yes
  Pessimism Removal Resolution               :  Nearest Common Node
  Enable Input Delay Default Clock           :  No
  Enable Preset / Clear Arcs                 :  No
  Disable Flight Delays                      :  No
  Ignore I/O Paths                           :  No
  Timing Early Launch at Borrowing Latches   :  No
  Borrow Time for Max Delay Exceptions       :  Yes
  Merge Timing Exceptions                    :  Yes

  Corner  Analyze    Analyze    
  Name    Max Paths  Min Paths  
  ------  ---------  ---------  
  Slow    Yes        Yes        
  Fast    Yes        Yes        


------------------------------------------------------------------------------------------------
| Report Methodology
| ------------------
------------------------------------------------------------------------------------------------

Rule       Severity  Description                    Violations  
---------  --------  -----------------------------  ----------  
TIMING-18  Warning   Missing input or output delay  3           

Note: This report is based on the most recent report_methodology run and may not be up-to-date. Run report_methodology on the current design for the latest report.



check_timing report

Table of Contents
-----------------
1. checking no_clock (0)
2. checking constant_clock (0)
3. checking pulse_width_clock (0)
4. checking unconstrained_internal_endpoints (0)
5. checking no_input_delay (2)
6. checking no_output_delay (1)
7. checking multiple_clock (0)
8. checking generated_clocks (0)
9. checking loops (0)
10. checking partial_input_delay (0)
11. checking partial_output_delay (0)
12. checking latch_loops (0)

1. checking no_clock (0)
------------------------
 There are 0 register/latch pins with no clock.


2. checking constant_clock (0)
------------------------------
 There are 0 register/latch pins with constant_clock.


3. checking pulse_width_clock (0)
---------------------------------
 There are 0 register/latch pins which need pulse_width check


4. checking unconstrained_internal_endpoints (0)
------------------------------------------------
 There are 0 pins that are not constrained for maximum delay.

 There are 0 pins that are not constrained for maximum delay due to constant clock.


5. checking no_input_delay (2)
------------------------------
 There are 2 input ports with no input delay specified. (HIGH)

 There are 0 input ports with no input delay but user has a false path constraint.


6. checking no_output_delay (1)
-------------------------------
 There is 1 port with no output delay specified. (HIGH)

 There are 0 ports with no output delay but user has a false path constraint

 There are 0 ports with no output delay but with a timing clock defined on it or propagating through it


7. checking multiple_clock (0)
------------------------------
 There are 0 register/latch pins with multiple clocks.


8. checking generated_clocks (0)
--------------------------------
 There are 0 generated clocks that are not connected to a clock source.


9. checking loops (0)
---------------------
 There are 0 combinational loops in the design.


10. checking partial_input_delay (0)
------------------------------------
 There are 0 input ports with partial input delay specified.


11. checking partial_output_delay (0)
-------------------------------------
 There are 0 ports with partial output delay specified.


12. checking latch_loops (0)
----------------------------
 There are 0 combinational latch loops in the design through latch input



------------------------------------------------------------------------------------------------
| Design Timing Summary
| ---------------------
------------------------------------------------------------------------------------------------

    WNS(ns)      TNS(ns)  TNS Failing Endpoints  TNS Total Endpoints      WHS(ns)      THS(ns)  THS Failing Endpoints  THS Total Endpoints     WPWS(ns)     TPWS(ns)  TPWS Failing Endpoints  TPWS Total Endpoints  
    -------      -------  ---------------------  -------------------      -------      -------  ---------------------  -------------------     --------     --------  ----------------------  --------------------  
      3.454        0.000                      0                   65        0.265        0.000                      0                   65        3.500        0.000                       0                    34  


All user specified timing constraints are met.


------------------------------------------------------------------------------------------------
| Clock Summary
| -------------
------------------------------------------------------------------------------------------------

Clock        Waveform(ns)         Period(ns)      Frequency(MHz)
-----        ------------         ----------      --------------
sys_clk_pin  {0.000 4.000}        8.000           125.000         


------------------------------------------------------------------------------------------------
| Intra Clock Table
| -----------------
------------------------------------------------------------------------------------------------

Clock             WNS(ns)      TNS(ns)  TNS Failing Endpoints  TNS Total Endpoints      WHS(ns)      THS(ns)  THS Failing Endpoints  THS Total Endpoints     WPWS(ns)     TPWS(ns)  TPWS Failing Endpoints  TPWS Total Endpoints  
-----             -------      -------  ---------------------  -------------------      -------      -------  ---------------------  -------------------     --------     --------  ----------------------  --------------------  
sys_clk_pin         3.454        0.000                      0                   65        0.265        0.000                      0                   65        3.500        0.000                       0                    34  


------------------------------------------------------------------------------------------------
| Inter Clock Table
| -----------------
------------------------------------------------------------------------------------------------

From Clock    To Clock          WNS(ns)      TNS(ns)  TNS Failing Endpoints  TNS Total Endpoints      WHS(ns)      THS(ns)  THS Failing Endpoints  THS Total Endpoints  
----------    --------          -------      -------  ---------------------  -------------------      -------      -------  ---------------------  -------------------  


------------------------------------------------------------------------------------------------
| Other Path Groups Table
| -----------------------
------------------------------------------------------------------------------------------------

Path Group    From Clock    To Clock          WNS(ns)      TNS(ns)  TNS Failing Endpoints  TNS Total Endpoints      WHS(ns)      THS(ns)  THS Failing Endpoints  THS Total Endpoints  
----------    ----------    --------          -------      -------  ---------------------  -------------------      -------      -------  ---------------------  -------------------  


------------------------------------------------------------------------------------------------
| User Ignored Path Table
| -----------------------
------------------------------------------------------------------------------------------------

Path Group    From Clock    To Clock    
----------    ----------    --------    


------------------------------------------------------------------------------------------------
| Unconstrained Path Table
| ------------------------
------------------------------------------------------------------------------------------------

Path Group    From Clock    To Clock    
----------    ----------    --------    
(none)        sys_clk_pin                 
(none)                      sys_clk_pin   


------------------------------------------------------------------------------------------------
| Timing Details
| --------------
------------------------------------------------------------------------------------------------


---------------------------------------------------------------------------------------------------
From Clock:  sys_clk_pin
  To Clock:  sys_clk_pin

Setup :            0  Failing Endpoints,  Worst Slack        3.454ns,  Total Violation        0.000ns
Hold  :            0  Failing Endpoints,  Worst Slack        0.265ns,  Total Violation        0.000ns
PW    :            0  Failing Endpoints,  Worst Slack        3.500ns,  Total Violation        0.000ns
---------------------------------------------------------------------------------------------------


Max Delay Paths
--------------------------------------------------------------------------------------
Slack (MET) :             3.454ns  (required time - arrival time)
  Source:                 clk_cnt_reg[24]/C
                            (rising edge-triggered cell FDRE clocked by sys_clk_pin  {rise@0.000ns fall@4.000ns period=8.000ns})
  Destination:            clk_cnt_reg[28]/R
                            (rising edge-triggered cell FDRE clocked by sys_clk_pin  {rise@0.000ns fall@4.000ns period=8.000ns})
  Path Group:             sys_clk_pin
  Path Type:              Setup (Max at Slow Process Corner)
  Requirement:            8.000ns  (sys_clk_pin rise@8.000ns - sys_clk_pin rise@0.000ns)
  Data Path Delay:        3.960ns  (logic 0.890ns (22.473%)  route 3.070ns (77.527%))
  Logic Levels:           3  (LUT4=1 LUT5=1 LUT6=1)
  Clock Path Skew:        -0.026ns (DCD - SCD + CPR)
    Destination Clock Delay (DCD):    4.954ns = ( 12.954 - 8.000 ) 
    Source Clock Delay      (SCD):    5.409ns
    Clock Pessimism Removal (CPR):    0.429ns
  Clock Uncertainty:      0.035ns  ((TSJ^2 + TIJ^2)^1/2 + DJ) / 2 + PE
    Total System Jitter     (TSJ):    0.071ns
    Total Input Jitter      (TIJ):    0.000ns
    Discrete Jitter          (DJ):    0.000ns
    Phase Error              (PE):    0.000ns

    Location             Delay type                Incr(ns)  Path(ns)    Netlist Resource(s)
  -------------------------------------------------------------------    -------------------
                         (clock sys_clk_pin rise edge)
                                                      0.000     0.000 r  
    K17                                               0.000     0.000 r  sys_clk (IN)
                         net (fo=0)                   0.000     0.000    sys_clk
    K17                  IBUF (Prop_ibuf_I_O)         1.492     1.492 r  sys_clk_IBUF_inst/O
                         net (fo=1, routed)           2.076     3.568    sys_clk_IBUF
    BUFGCTRL_X0Y16       BUFG (Prop_bufg_I_O)         0.101     3.669 r  sys_clk_IBUF_BUFG_inst/O
                         net (fo=33, routed)          1.740     5.409    sys_clk_IBUF_BUFG
    SLICE_X42Y56         FDRE                                         r  clk_cnt_reg[24]/C
  -------------------------------------------------------------------    -------------------
    SLICE_X42Y56         FDRE (Prop_fdre_C_Q)         0.518     5.927 r  clk_cnt_reg[24]/Q
                         net (fo=2, routed)           0.956     6.883    clk_cnt_reg[24]
    SLICE_X43Y53         LUT4 (Prop_lut4_I2_O)        0.124     7.007 f  clk_cnt[0]_i_8/O
                         net (fo=1, routed)           0.575     7.582    clk_cnt[0]_i_8_n_0
    SLICE_X43Y53         LUT5 (Prop_lut5_I4_O)        0.124     7.706 f  clk_cnt[0]_i_3/O
                         net (fo=2, routed)           0.648     8.355    clk_cnt[0]_i_3_n_0
    SLICE_X43Y54         LUT6 (Prop_lut6_I2_O)        0.124     8.479 r  clk_cnt[0]_i_1/O
                         net (fo=32, routed)          0.891     9.369    clk_cnt[0]_i_1_n_0
    SLICE_X42Y57         FDRE                                         r  clk_cnt_reg[28]/R
  -------------------------------------------------------------------    -------------------

                         (clock sys_clk_pin rise edge)
                                                      8.000     8.000 r  
    K17                                               0.000     8.000 r  sys_clk (IN)
                         net (fo=0)                   0.000     8.000    sys_clk
    K17                  IBUF (Prop_ibuf_I_O)         1.421     9.421 r  sys_clk_IBUF_inst/O
                         net (fo=1, routed)           1.880    11.301    sys_clk_IBUF
    BUFGCTRL_X0Y16       BUFG (Prop_bufg_I_O)         0.091    11.392 r  sys_clk_IBUF_BUFG_inst/O
                         net (fo=33, routed)          1.562    12.954    sys_clk_IBUF_BUFG
    SLICE_X42Y57         FDRE                                         r  clk_cnt_reg[28]/C
                         clock pessimism              0.429    13.383    
                         clock uncertainty           -0.035    13.347    
    SLICE_X42Y57         FDRE (Setup_fdre_C_R)       -0.524    12.823    clk_cnt_reg[28]
  -------------------------------------------------------------------
                         required time                         12.823    
                         arrival time                          -9.369    
  -------------------------------------------------------------------
                         slack                                  3.454    

Slack (MET) :             3.454ns  (required time - arrival time)
  Source:                 clk_cnt_reg[24]/C
                            (rising edge-triggered cell FDRE clocked by sys_clk_pin  {rise@0.000ns fall@4.000ns period=8.000ns})
  Destination:            clk_cnt_reg[29]/R
                            (rising edge-triggered cell FDRE clocked by sys_clk_pin  {rise@0.000ns fall@4.000ns period=8.000ns})
  Path Group:             sys_clk_pin
  Path Type:              Setup (Max at Slow Process Corner)
  Requirement:            8.000ns  (sys_clk_pin rise@8.000ns - sys_clk_pin rise@0.000ns)
  Data Path Delay:        3.960ns  (logic 0.890ns (22.473%)  route 3.070ns (77.527%))
  Logic Levels:           3  (LUT4=1 LUT5=1 LUT6=1)
  Clock Path Skew:        -0.026ns (DCD - SCD + CPR)
    Destination Clock Delay (DCD):    4.954ns = ( 12.954 - 8.000 ) 
    Source Clock Delay      (SCD):    5.409ns
    Clock Pessimism Removal (CPR):    0.429ns
  Clock Uncertainty:      0.035ns  ((TSJ^2 + TIJ^2)^1/2 + DJ) / 2 + PE
    Total System Jitter     (TSJ):    0.071ns
    Total Input Jitter      (TIJ):    0.000ns
    Discrete Jitter          (DJ):    0.000ns
    Phase Error              (PE):    0.000ns

    Location             Delay type                Incr(ns)  Path(ns)    Netlist Resource(s)
  -------------------------------------------------------------------    -------------------
                         (clock sys_clk_pin rise edge)
                                                      0.000     0.000 r  
    K17                                               0.000     0.000 r  sys_clk (IN)
                         net (fo=0)                   0.000     0.000    sys_clk
    K17                  IBUF (Prop_ibuf_I_O)         1.492     1.492 r  sys_clk_IBUF_inst/O
                         net (fo=1, routed)           2.076     3.568    sys_clk_IBUF
    BUFGCTRL_X0Y16       BUFG (Prop_bufg_I_O)         0.101     3.669 r  sys_clk_IBUF_BUFG_inst/O
                         net (fo=33, routed)          1.740     5.409    sys_clk_IBUF_BUFG
    SLICE_X42Y56         FDRE                                         r  clk_cnt_reg[24]/C
  -------------------------------------------------------------------    -------------------
    SLICE_X42Y56         FDRE (Prop_fdre_C_Q)         0.518     5.927 r  clk_cnt_reg[24]/Q
                         net (fo=2, routed)           0.956     6.883    clk_cnt_reg[24]
    SLICE_X43Y53         LUT4 (Prop_lut4_I2_O)        0.124     7.007 f  clk_cnt[0]_i_8/O
                         net (fo=1, routed)           0.575     7.582    clk_cnt[0]_i_8_n_0
    SLICE_X43Y53         LUT5 (Prop_lut5_I4_O)        0.124     7.706 f  clk_cnt[0]_i_3/O
                         net (fo=2, routed)           0.648     8.355    clk_cnt[0]_i_3_n_0
    SLICE_X43Y54         LUT6 (Prop_lut6_I2_O)        0.124     8.479 r  clk_cnt[0]_i_1/O
                         net (fo=32, routed)          0.891     9.369    clk_cnt[0]_i_1_n_0
    SLICE_X42Y57         FDRE                                         r  clk_cnt_reg[29]/R
  -------------------------------------------------------------------    -------------------

                         (clock sys_clk_pin rise edge)
                                                      8.000     8.000 r  
    K17                                               0.000     8.000 r  sys_clk (IN)
                         net (fo=0)                   0.000     8.000    sys_clk
    K17                  IBUF (Prop_ibuf_I_O)         1.421     9.421 r  sys_clk_IBUF_inst/O
                         net (fo=1, routed)           1.880    11.301    sys_clk_IBUF
    BUFGCTRL_X0Y16       BUFG (Prop_bufg_I_O)         0.091    11.392 r  sys_clk_IBUF_BUFG_inst/O
                         net (fo=33, routed)          1.562    12.954    sys_clk_IBUF_BUFG
    SLICE_X42Y57         FDRE                                         r  clk_cnt_reg[29]/C
                         clock pessimism              0.429    13.383    
                         clock uncertainty           -0.035    13.347    
    SLICE_X42Y57         FDRE (Setup_fdre_C_R)       -0.524    12.823    clk_cnt_reg[29]
  -------------------------------------------------------------------
                         required time                         12.823    
                         arrival time                          -9.369    
  -------------------------------------------------------------------
                         slack                                  3.454    

Slack (MET) :             3.454ns  (required time - arrival time)
  Source:                 clk_cnt_reg[24]/C
                            (rising edge-triggered cell FDRE clocked by sys_clk_pin  {rise@0.000ns fall@4.000ns period=8.000ns})
  Destination:            clk_cnt_reg[30]/R
                            (rising edge-triggered cell FDRE clocked by sys_clk_pin  {rise@0.000ns fall@4.000ns period=8.000ns})
  Path Group:             sys_clk_pin
  Path Type:              Setup (Max at Slow Process Corner)
  Requirement:            8.000ns  (sys_clk_pin rise@8.000ns - sys_clk_pin rise@0.000ns)
  Data Path Delay:        3.960ns  (logic 0.890ns (22.473%)  route 3.070ns (77.527%))
  Logic Levels:           3  (LUT4=1 LUT5=1 LUT6=1)
  Clock Path Skew:        -0.026ns (DCD - SCD + CPR)
    Destination Clock Delay (DCD):    4.954ns = ( 12.954 - 8.000 ) 
    Source Clock Delay      (SCD):    5.409ns
    Clock Pessimism Removal (CPR):    0.429ns
  Clock Uncertainty:      0.035ns  ((TSJ^2 + TIJ^2)^1/2 + DJ) / 2 + PE
    Total System Jitter     (TSJ):    0.071ns
    Total Input Jitter      (TIJ):    0.000ns
    Discrete Jitter          (DJ):    0.000ns
    Phase Error              (PE):    0.000ns

    Location             Delay type                Incr(ns)  Path(ns)    Netlist Resource(s)
  -------------------------------------------------------------------    -------------------
                         (clock sys_clk_pin rise edge)
                                                      0.000     0.000 r  
    K17                                               0.000     0.000 r  sys_clk (IN)
                         net (fo=0)                   0.000     0.000    sys_clk
    K17                  IBUF (Prop_ibuf_I_O)         1.492     1.492 r  sys_clk_IBUF_inst/O
                         net (fo=1, routed)           2.076     3.568    sys_clk_IBUF
    BUFGCTRL_X0Y16       BUFG (Prop_bufg_I_O)         0.101     3.669 r  sys_clk_IBUF_BUFG_inst/O
                         net (fo=33, routed)          1.740     5.409    sys_clk_IBUF_BUFG
    SLICE_X42Y56         FDRE                                         r  clk_cnt_reg[24]/C
  -------------------------------------------------------------------    -------------------
    SLICE_X42Y56         FDRE (Prop_fdre_C_Q)         0.518     5.927 r  clk_cnt_reg[24]/Q
                         net (fo=2, routed)           0.956     6.883    clk_cnt_reg[24]
    SLICE_X43Y53         LUT4 (Prop_lut4_I2_O)        0.124     7.007 f  clk_cnt[0]_i_8/O
                         net (fo=1, routed)           0.575     7.582    clk_cnt[0]_i_8_n_0
    SLICE_X43Y53         LUT5 (Prop_lut5_I4_O)        0.124     7.706 f  clk_cnt[0]_i_3/O
                         net (fo=2, routed)           0.648     8.355    clk_cnt[0]_i_3_n_0
    SLICE_X43Y54         LUT6 (Prop_lut6_I2_O)        0.124     8.479 r  clk_cnt[0]_i_1/O
                         net (fo=32, routed)          0.891     9.369    clk_cnt[0]_i_1_n_0
    SLICE_X42Y57         FDRE                                         r  clk_cnt_reg[30]/R
  -------------------------------------------------------------------    -------------------

                         (clock sys_clk_pin rise edge)
                                                      8.000     8.000 r  
    K17                                               0.000     8.000 r  sys_clk (IN)
                         net (fo=0)                   0.000     8.000    sys_clk
    K17                  IBUF (Prop_ibuf_I_O)         1.421     9.421 r  sys_clk_IBUF_inst/O
                         net (fo=1, routed)           1.880    11.301    sys_clk_IBUF
    BUFGCTRL_X0Y16       BUFG (Prop_bufg_I_O)         0.091    11.392 r  sys_clk_IBUF_BUFG_inst/O
                         net (fo=33, routed)          1.562    12.954    sys_clk_IBUF_BUFG
    SLICE_X42Y57         FDRE                                         r  clk_cnt_reg[30]/C
                         clock pessimism              0.429    13.383    
                         clock uncertainty           -0.035    13.347    
    SLICE_X42Y57         FDRE (Setup_fdre_C_R)       -0.524    12.823    clk_cnt_reg[30]
  -------------------------------------------------------------------
                         required time                         12.823    
                         arrival time                          -9.369    
  -------------------------------------------------------------------
                         slack                                  3.454    

Slack (MET) :             3.454ns  (required time - arrival time)
  Source:                 clk_cnt_reg[24]/C
                            (rising edge-triggered cell FDRE clocked by sys_clk_pin  {rise@0.000ns fall@4.000ns period=8.000ns})
  Destination:            clk_cnt_reg[31]/R
                            (rising edge-triggered cell FDRE clocked by sys_clk_pin  {rise@0.000ns fall@4.000ns period=8.000ns})
  Path Group:             sys_clk_pin
  Path Type:              Setup (Max at Slow Process Corner)
  Requirement:            8.000ns  (sys_clk_pin rise@8.000ns - sys_clk_pin rise@0.000ns)
  Data Path Delay:        3.960ns  (logic 0.890ns (22.473%)  route 3.070ns (77.527%))
  Logic Levels:           3  (LUT4=1 LUT5=1 LUT6=1)
  Clock Path Skew:        -0.026ns (DCD - SCD + CPR)
    Destination Clock Delay (DCD):    4.954ns = ( 12.954 - 8.000 ) 
    Source Clock Delay      (SCD):    5.409ns
    Clock Pessimism Removal (CPR):    0.429ns
  Clock Uncertainty:      0.035ns  ((TSJ^2 + TIJ^2)^1/2 + DJ) / 2 + PE
    Total System Jitter     (TSJ):    0.071ns
    Total Input Jitter      (TIJ):    0.000ns
    Discrete Jitter          (DJ):    0.000ns
    Phase Error              (PE):    0.000ns

    Location             Delay type                Incr(ns)  Path(ns)    Netlist Resource(s)
  -------------------------------------------------------------------    -------------------
                         (clock sys_clk_pin rise edge)
                                                      0.000     0.000 r  
    K17                                               0.000     0.000 r  sys_clk (IN)
                         net (fo=0)                   0.000     0.000    sys_clk
    K17                  IBUF (Prop_ibuf_I_O)         1.492     1.492 r  sys_clk_IBUF_inst/O
                         net (fo=1, routed)           2.076     3.568    sys_clk_IBUF
    BUFGCTRL_X0Y16       BUFG (Prop_bufg_I_O)         0.101     3.669 r  sys_clk_IBUF_BUFG_inst/O
                         net (fo=33, routed)          1.740     5.409    sys_clk_IBUF_BUFG
    SLICE_X42Y56         FDRE                                         r  clk_cnt_reg[24]/C
  -------------------------------------------------------------------    -------------------
    SLICE_X42Y56         FDRE (Prop_fdre_C_Q)         0.518     5.927 r  clk_cnt_reg[24]/Q
                         net (fo=2, routed)           0.956     6.883    clk_cnt_reg[24]
    SLICE_X43Y53         LUT4 (Prop_lut4_I2_O)        0.124     7.007 f  clk_cnt[0]_i_8/O
                         net (fo=1, routed)           0.575     7.582    clk_cnt[0]_i_8_n_0
    SLICE_X43Y53         LUT5 (Prop_lut5_I4_O)        0.124     7.706 f  clk_cnt[0]_i_3/O
                         net (fo=2, routed)           0.648     8.355    clk_cnt[0]_i_3_n_0
    SLICE_X43Y54         LUT6 (Prop_lut6_I2_O)        0.124     8.479 r  clk_cnt[0]_i_1/O
                         net (fo=32, routed)          0.891     9.369    clk_cnt[0]_i_1_n_0
    SLICE_X42Y57         FDRE                                         r  clk_cnt_reg[31]/R
  -------------------------------------------------------------------    -------------------

                         (clock sys_clk_pin rise edge)
                                                      8.000     8.000 r  
    K17                                               0.000     8.000 r  sys_clk (IN)
                         net (fo=0)                   0.000     8.000    sys_clk
    K17                  IBUF (Prop_ibuf_I_O)         1.421     9.421 r  sys_clk_IBUF_inst/O
                         net (fo=1, routed)           1.880    11.301    sys_clk_IBUF
    BUFGCTRL_X0Y16       BUFG (Prop_bufg_I_O)         0.091    11.392 r  sys_clk_IBUF_BUFG_inst/O
                         net (fo=33, routed)          1.562    12.954    sys_clk_IBUF_BUFG
    SLICE_X42Y57         FDRE                                         r  clk_cnt_reg[31]/C
                         clock pessimism              0.429    13.383    
                         clock uncertainty           -0.035    13.347    
    SLICE_X42Y57         FDRE (Setup_fdre_C_R)       -0.524    12.823    clk_cnt_reg[31]
  -------------------------------------------------------------------
                         required time                         12.823    
                         arrival time                          -9.369    
  -------------------------------------------------------------------
                         slack                                  3.454    

Slack (MET) :             3.532ns  (required time - arrival time)
  Source:                 clk_cnt_reg[24]/C
                            (rising edge-triggered cell FDRE clocked by sys_clk_pin  {rise@0.000ns fall@4.000ns period=8.000ns})
  Destination:            clk_cnt_reg[0]/R
                            (rising edge-triggered cell FDRE clocked by sys_clk_pin  {rise@0.000ns fall@4.000ns period=8.000ns})
  Path Group:             sys_clk_pin
  Path Type:              Setup (Max at Slow Process Corner)
  Requirement:            8.000ns  (sys_clk_pin rise@8.000ns - sys_clk_pin rise@0.000ns)
  Data Path Delay:        3.884ns  (logic 0.890ns (22.912%)  route 2.994ns (77.088%))
  Logic Levels:           3  (LUT4=1 LUT5=1 LUT6=1)
  Clock Path Skew:        -0.024ns (DCD - SCD + CPR)
    Destination Clock Delay (DCD):    4.956ns = ( 12.956 - 8.000 ) 
    Source Clock Delay      (SCD):    5.409ns
    Clock Pessimism Removal (CPR):    0.429ns
  Clock Uncertainty:      0.035ns  ((TSJ^2 + TIJ^2)^1/2 + DJ) / 2 + PE
    Total System Jitter     (TSJ):    0.071ns
    Total Input Jitter      (TIJ):    0.000ns
    Discrete Jitter          (DJ):    0.000ns
    Phase Error              (PE):    0.000ns

    Location             Delay type                Incr(ns)  Path(ns)    Netlist Resource(s)
  -------------------------------------------------------------------    -------------------
                         (clock sys_clk_pin rise edge)
                                                      0.000     0.000 r  
    K17                                               0.000     0.000 r  sys_clk (IN)
                         net (fo=0)                   0.000     0.000    sys_clk
    K17                  IBUF (Prop_ibuf_I_O)         1.492     1.492 r  sys_clk_IBUF_inst/O
                         net (fo=1, routed)           2.076     3.568    sys_clk_IBUF
    BUFGCTRL_X0Y16       BUFG (Prop_bufg_I_O)         0.101     3.669 r  sys_clk_IBUF_BUFG_inst/O
                         net (fo=33, routed)          1.740     5.409    sys_clk_IBUF_BUFG
    SLICE_X42Y56         FDRE                                         r  clk_cnt_reg[24]/C
  -------------------------------------------------------------------    -------------------
    SLICE_X42Y56         FDRE (Prop_fdre_C_Q)         0.518     5.927 r  clk_cnt_reg[24]/Q
                         net (fo=2, routed)           0.956     6.883    clk_cnt_reg[24]
    SLICE_X43Y53         LUT4 (Prop_lut4_I2_O)        0.124     7.007 f  clk_cnt[0]_i_8/O
                         net (fo=1, routed)           0.575     7.582    clk_cnt[0]_i_8_n_0
    SLICE_X43Y53         LUT5 (Prop_lut5_I4_O)        0.124     7.706 f  clk_cnt[0]_i_3/O
                         net (fo=2, routed)           0.648     8.355    clk_cnt[0]_i_3_n_0
    SLICE_X43Y54         LUT6 (Prop_lut6_I2_O)        0.124     8.479 r  clk_cnt[0]_i_1/O
                         net (fo=32, routed)          0.815     9.293    clk_cnt[0]_i_1_n_0
    SLICE_X42Y50         FDRE                                         r  clk_cnt_reg[0]/R
  -------------------------------------------------------------------    -------------------

                         (clock sys_clk_pin rise edge)
                                                      8.000     8.000 r  
    K17                                               0.000     8.000 r  sys_clk (IN)
                         net (fo=0)                   0.000     8.000    sys_clk
    K17                  IBUF (Prop_ibuf_I_O)         1.421     9.421 r  sys_clk_IBUF_inst/O
                         net (fo=1, routed)           1.880    11.301    sys_clk_IBUF
    BUFGCTRL_X0Y16       BUFG (Prop_bufg_I_O)         0.091    11.392 r  sys_clk_IBUF_BUFG_inst/O
                         net (fo=33, routed)          1.564    12.956    sys_clk_IBUF_BUFG
    SLICE_X42Y50         FDRE                                         r  clk_cnt_reg[0]/C
                         clock pessimism              0.429    13.385    
                         clock uncertainty           -0.035    13.349    
    SLICE_X42Y50         FDRE (Setup_fdre_C_R)       -0.524    12.825    clk_cnt_reg[0]
  -------------------------------------------------------------------
                         required time                         12.825    
                         arrival time                          -9.293    
  -------------------------------------------------------------------
                         slack                                  3.532    

Slack (MET) :             3.532ns  (required time - arrival time)
  Source:                 clk_cnt_reg[24]/C
                            (rising edge-triggered cell FDRE clocked by sys_clk_pin  {rise@0.000ns fall@4.000ns period=8.000ns})
  Destination:            clk_cnt_reg[1]/R
                            (rising edge-triggered cell FDRE clocked by sys_clk_pin  {rise@0.000ns fall@4.000ns period=8.000ns})
  Path Group:             sys_clk_pin
  Path Type:              Setup (Max at Slow Process Corner)
  Requirement:            8.000ns  (sys_clk_pin rise@8.000ns - sys_clk_pin rise@0.000ns)
  Data Path Delay:        3.884ns  (logic 0.890ns (22.912%)  route 2.994ns (77.088%))
  Logic Levels:           3  (LUT4=1 LUT5=1 LUT6=1)
  Clock Path Skew:        -0.024ns (DCD - SCD + CPR)
    Destination Clock Delay (DCD):    4.956ns = ( 12.956 - 8.000 ) 
    Source Clock Delay      (SCD):    5.409ns
    Clock Pessimism Removal (CPR):    0.429ns
  Clock Uncertainty:      0.035ns  ((TSJ^2 + TIJ^2)^1/2 + DJ) / 2 + PE
    Total System Jitter     (TSJ):    0.071ns
    Total Input Jitter      (TIJ):    0.000ns
    Discrete Jitter          (DJ):    0.000ns
    Phase Error              (PE):    0.000ns

    Location             Delay type                Incr(ns)  Path(ns)    Netlist Resource(s)
  -------------------------------------------------------------------    -------------------
                         (clock sys_clk_pin rise edge)
                                                      0.000     0.000 r  
    K17                                               0.000     0.000 r  sys_clk (IN)
                         net (fo=0)                   0.000     0.000    sys_clk
    K17                  IBUF (Prop_ibuf_I_O)         1.492     1.492 r  sys_clk_IBUF_inst/O
                         net (fo=1, routed)           2.076     3.568    sys_clk_IBUF
    BUFGCTRL_X0Y16       BUFG (Prop_bufg_I_O)         0.101     3.669 r  sys_clk_IBUF_BUFG_inst/O
                         net (fo=33, routed)          1.740     5.409    sys_clk_IBUF_BUFG
    SLICE_X42Y56         FDRE                                         r  clk_cnt_reg[24]/C
  -------------------------------------------------------------------    -------------------
    SLICE_X42Y56         FDRE (Prop_fdre_C_Q)         0.518     5.927 r  clk_cnt_reg[24]/Q
                         net (fo=2, routed)           0.956     6.883    clk_cnt_reg[24]
    SLICE_X43Y53         LUT4 (Prop_lut4_I2_O)        0.124     7.007 f  clk_cnt[0]_i_8/O
                         net (fo=1, routed)           0.575     7.582    clk_cnt[0]_i_8_n_0
    SLICE_X43Y53         LUT5 (Prop_lut5_I4_O)        0.124     7.706 f  clk_cnt[0]_i_3/O
                         net (fo=2, routed)           0.648     8.355    clk_cnt[0]_i_3_n_0
    SLICE_X43Y54         LUT6 (Prop_lut6_I2_O)        0.124     8.479 r  clk_cnt[0]_i_1/O
                         net (fo=32, routed)          0.815     9.293    clk_cnt[0]_i_1_n_0
    SLICE_X42Y50         FDRE                                         r  clk_cnt_reg[1]/R
  -------------------------------------------------------------------    -------------------

                         (clock sys_clk_pin rise edge)
                                                      8.000     8.000 r  
    K17                                               0.000     8.000 r  sys_clk (IN)
                         net (fo=0)                   0.000     8.000    sys_clk
    K17                  IBUF (Prop_ibuf_I_O)         1.421     9.421 r  sys_clk_IBUF_inst/O
                         net (fo=1, routed)           1.880    11.301    sys_clk_IBUF
    BUFGCTRL_X0Y16       BUFG (Prop_bufg_I_O)         0.091    11.392 r  sys_clk_IBUF_BUFG_inst/O
                         net (fo=33, routed)          1.564    12.956    sys_clk_IBUF_BUFG
    SLICE_X42Y50         FDRE                                         r  clk_cnt_reg[1]/C
                         clock pessimism              0.429    13.385    
                         clock uncertainty           -0.035    13.349    
    SLICE_X42Y50         FDRE (Setup_fdre_C_R)       -0.524    12.825    clk_cnt_reg[1]
  -------------------------------------------------------------------
                         required time                         12.825    
                         arrival time                          -9.293    
  -------------------------------------------------------------------
                         slack                                  3.532    

Slack (MET) :             3.532ns  (required time - arrival time)
  Source:                 clk_cnt_reg[24]/C
                            (rising edge-triggered cell FDRE clocked by sys_clk_pin  {rise@0.000ns fall@4.000ns period=8.000ns})
  Destination:            clk_cnt_reg[2]/R
                            (rising edge-triggered cell FDRE clocked by sys_clk_pin  {rise@0.000ns fall@4.000ns period=8.000ns})
  Path Group:             sys_clk_pin
  Path Type:              Setup (Max at Slow Process Corner)
  Requirement:            8.000ns  (sys_clk_pin rise@8.000ns - sys_clk_pin rise@0.000ns)
  Data Path Delay:        3.884ns  (logic 0.890ns (22.912%)  route 2.994ns (77.088%))
  Logic Levels:           3  (LUT4=1 LUT5=1 LUT6=1)
  Clock Path Skew:        -0.024ns (DCD - SCD + CPR)
    Destination Clock Delay (DCD):    4.956ns = ( 12.956 - 8.000 ) 
    Source Clock Delay      (SCD):    5.409ns
    Clock Pessimism Removal (CPR):    0.429ns
  Clock Uncertainty:      0.035ns  ((TSJ^2 + TIJ^2)^1/2 + DJ) / 2 + PE
    Total System Jitter     (TSJ):    0.071ns
    Total Input Jitter      (TIJ):    0.000ns
    Discrete Jitter          (DJ):    0.000ns
    Phase Error              (PE):    0.000ns

    Location             Delay type                Incr(ns)  Path(ns)    Netlist Resource(s)
  -------------------------------------------------------------------    -------------------
                         (clock sys_clk_pin rise edge)
                                                      0.000     0.000 r  
    K17                                               0.000     0.000 r  sys_clk (IN)
                         net (fo=0)                   0.000     0.000    sys_clk
    K17                  IBUF (Prop_ibuf_I_O)         1.492     1.492 r  sys_clk_IBUF_inst/O
                         net (fo=1, routed)           2.076     3.568    sys_clk_IBUF
    BUFGCTRL_X0Y16       BUFG (Prop_bufg_I_O)         0.101     3.669 r  sys_clk_IBUF_BUFG_inst/O
                         net (fo=33, routed)          1.740     5.409    sys_clk_IBUF_BUFG
    SLICE_X42Y56         FDRE                                         r  clk_cnt_reg[24]/C
  -------------------------------------------------------------------    -------------------
    SLICE_X42Y56         FDRE (Prop_fdre_C_Q)         0.518     5.927 r  clk_cnt_reg[24]/Q
                         net (fo=2, routed)           0.956     6.883    clk_cnt_reg[24]
    SLICE_X43Y53         LUT4 (Prop_lut4_I2_O)        0.124     7.007 f  clk_cnt[0]_i_8/O
                         net (fo=1, routed)           0.575     7.582    clk_cnt[0]_i_8_n_0
    SLICE_X43Y53         LUT5 (Prop_lut5_I4_O)        0.124     7.706 f  clk_cnt[0]_i_3/O
                         net (fo=2, routed)           0.648     8.355    clk_cnt[0]_i_3_n_0
    SLICE_X43Y54         LUT6 (Prop_lut6_I2_O)        0.124     8.479 r  clk_cnt[0]_i_1/O
                         net (fo=32, routed)          0.815     9.293    clk_cnt[0]_i_1_n_0
    SLICE_X42Y50         FDRE                                         r  clk_cnt_reg[2]/R
  -------------------------------------------------------------------    -------------------

                         (clock sys_clk_pin rise edge)
                                                      8.000     8.000 r  
    K17                                               0.000     8.000 r  sys_clk (IN)
                         net (fo=0)                   0.000     8.000    sys_clk
    K17                  IBUF (Prop_ibuf_I_O)         1.421     9.421 r  sys_clk_IBUF_inst/O
                         net (fo=1, routed)           1.880    11.301    sys_clk_IBUF
    BUFGCTRL_X0Y16       BUFG (Prop_bufg_I_O)         0.091    11.392 r  sys_clk_IBUF_BUFG_inst/O
                         net (fo=33, routed)          1.564    12.956    sys_clk_IBUF_BUFG
    SLICE_X42Y50         FDRE                                         r  clk_cnt_reg[2]/C
                         clock pessimism              0.429    13.385    
                         clock uncertainty           -0.035    13.349    
    SLICE_X42Y50         FDRE (Setup_fdre_C_R)       -0.524    12.825    clk_cnt_reg[2]
  -------------------------------------------------------------------
                         required time                         12.825    
                         arrival time                          -9.293    
  -------------------------------------------------------------------
                         slack                                  3.532    

Slack (MET) :             3.532ns  (required time - arrival time)
  Source:                 clk_cnt_reg[24]/C
                            (rising edge-triggered cell FDRE clocked by sys_clk_pin  {rise@0.000ns fall@4.000ns period=8.000ns})
  Destination:            clk_cnt_reg[3]/R
                            (rising edge-triggered cell FDRE clocked by sys_clk_pin  {rise@0.000ns fall@4.000ns period=8.000ns})
  Path Group:             sys_clk_pin
  Path Type:              Setup (Max at Slow Process Corner)
  Requirement:            8.000ns  (sys_clk_pin rise@8.000ns - sys_clk_pin rise@0.000ns)
  Data Path Delay:        3.884ns  (logic 0.890ns (22.912%)  route 2.994ns (77.088%))
  Logic Levels:           3  (LUT4=1 LUT5=1 LUT6=1)
  Clock Path Skew:        -0.024ns (DCD - SCD + CPR)
    Destination Clock Delay (DCD):    4.956ns = ( 12.956 - 8.000 ) 
    Source Clock Delay      (SCD):    5.409ns
    Clock Pessimism Removal (CPR):    0.429ns
  Clock Uncertainty:      0.035ns  ((TSJ^2 + TIJ^2)^1/2 + DJ) / 2 + PE
    Total System Jitter     (TSJ):    0.071ns
    Total Input Jitter      (TIJ):    0.000ns
    Discrete Jitter          (DJ):    0.000ns
    Phase Error              (PE):    0.000ns

    Location             Delay type                Incr(ns)  Path(ns)    Netlist Resource(s)
  -------------------------------------------------------------------    -------------------
                         (clock sys_clk_pin rise edge)
                                                      0.000     0.000 r  
    K17                                               0.000     0.000 r  sys_clk (IN)
                         net (fo=0)                   0.000     0.000    sys_clk
    K17                  IBUF (Prop_ibuf_I_O)         1.492     1.492 r  sys_clk_IBUF_inst/O
                         net (fo=1, routed)           2.076     3.568    sys_clk_IBUF
    BUFGCTRL_X0Y16       BUFG (Prop_bufg_I_O)         0.101     3.669 r  sys_clk_IBUF_BUFG_inst/O
                         net (fo=33, routed)          1.740     5.409    sys_clk_IBUF_BUFG
    SLICE_X42Y56         FDRE                                         r  clk_cnt_reg[24]/C
  -------------------------------------------------------------------    -------------------
    SLICE_X42Y56         FDRE (Prop_fdre_C_Q)         0.518     5.927 r  clk_cnt_reg[24]/Q
                         net (fo=2, routed)           0.956     6.883    clk_cnt_reg[24]
    SLICE_X43Y53         LUT4 (Prop_lut4_I2_O)        0.124     7.007 f  clk_cnt[0]_i_8/O
                         net (fo=1, routed)           0.575     7.582    clk_cnt[0]_i_8_n_0
    SLICE_X43Y53         LUT5 (Prop_lut5_I4_O)        0.124     7.706 f  clk_cnt[0]_i_3/O
                         net (fo=2, routed)           0.648     8.355    clk_cnt[0]_i_3_n_0
    SLICE_X43Y54         LUT6 (Prop_lut6_I2_O)        0.124     8.479 r  clk_cnt[0]_i_1/O
                         net (fo=32, routed)          0.815     9.293    clk_cnt[0]_i_1_n_0
    SLICE_X42Y50         FDRE                                         r  clk_cnt_reg[3]/R
  -------------------------------------------------------------------    -------------------

                         (clock sys_clk_pin rise edge)
                                                      8.000     8.000 r  
    K17                                               0.000     8.000 r  sys_clk (IN)
                         net (fo=0)                   0.000     8.000    sys_clk
    K17                  IBUF (Prop_ibuf_I_O)         1.421     9.421 r  sys_clk_IBUF_inst/O
                         net (fo=1, routed)           1.880    11.301    sys_clk_IBUF
    BUFGCTRL_X0Y16       BUFG (Prop_bufg_I_O)         0.091    11.392 r  sys_clk_IBUF_BUFG_inst/O
                         net (fo=33, routed)          1.564    12.956    sys_clk_IBUF_BUFG
    SLICE_X42Y50         FDRE                                         r  clk_cnt_reg[3]/C
                         clock pessimism              0.429    13.385    
                         clock uncertainty           -0.035    13.349    
    SLICE_X42Y50         FDRE (Setup_fdre_C_R)       -0.524    12.825    clk_cnt_reg[3]
  -------------------------------------------------------------------
                         required time                         12.825    
                         arrival time                          -9.293    
  -------------------------------------------------------------------
                         slack                                  3.532    

Slack (MET) :             3.617ns  (required time - arrival time)
  Source:                 clk_cnt_reg[2]/C
                            (rising edge-triggered cell FDRE clocked by sys_clk_pin  {rise@0.000ns fall@4.000ns period=8.000ns})
  Destination:            clk_cnt_reg[24]/R
                            (rising edge-triggered cell FDRE clocked by sys_clk_pin  {rise@0.000ns fall@4.000ns period=8.000ns})
  Path Group:             sys_clk_pin
  Path Type:              Setup (Max at Slow Process Corner)
  Requirement:            8.000ns  (sys_clk_pin rise@8.000ns - sys_clk_pin rise@0.000ns)
  Data Path Delay:        3.797ns  (logic 0.890ns (23.439%)  route 2.907ns (76.561%))
  Logic Levels:           3  (LUT4=1 LUT5=1 LUT6=1)
  Clock Path Skew:        -0.026ns (DCD - SCD + CPR)
    Destination Clock Delay (DCD):    4.955ns = ( 12.955 - 8.000 ) 
    Source Clock Delay      (SCD):    5.410ns
    Clock Pessimism Removal (CPR):    0.429ns
  Clock Uncertainty:      0.035ns  ((TSJ^2 + TIJ^2)^1/2 + DJ) / 2 + PE
    Total System Jitter     (TSJ):    0.071ns
    Total Input Jitter      (TIJ):    0.000ns
    Discrete Jitter          (DJ):    0.000ns
    Phase Error              (PE):    0.000ns

    Location             Delay type                Incr(ns)  Path(ns)    Netlist Resource(s)
  -------------------------------------------------------------------    -------------------
                         (clock sys_clk_pin rise edge)
                                                      0.000     0.000 r  
    K17                                               0.000     0.000 r  sys_clk (IN)
                         net (fo=0)                   0.000     0.000    sys_clk
    K17                  IBUF (Prop_ibuf_I_O)         1.492     1.492 r  sys_clk_IBUF_inst/O
                         net (fo=1, routed)           2.076     3.568    sys_clk_IBUF
    BUFGCTRL_X0Y16       BUFG (Prop_bufg_I_O)         0.101     3.669 r  sys_clk_IBUF_BUFG_inst/O
                         net (fo=33, routed)          1.741     5.410    sys_clk_IBUF_BUFG
    SLICE_X42Y50         FDRE                                         r  clk_cnt_reg[2]/C
  -------------------------------------------------------------------    -------------------
    SLICE_X42Y50         FDRE (Prop_fdre_C_Q)         0.518     5.928 r  clk_cnt_reg[2]/Q
                         net (fo=2, routed)           1.027     6.955    clk_cnt_reg[2]
    SLICE_X43Y55         LUT4 (Prop_lut4_I2_O)        0.124     7.079 f  clk_cnt[0]_i_9/O
                         net (fo=1, routed)           0.546     7.625    clk_cnt[0]_i_9_n_0
    SLICE_X43Y53         LUT5 (Prop_lut5_I4_O)        0.124     7.749 f  clk_cnt[0]_i_4/O
                         net (fo=2, routed)           0.582     8.331    clk_cnt[0]_i_4_n_0
    SLICE_X43Y54         LUT6 (Prop_lut6_I3_O)        0.124     8.455 r  clk_cnt[0]_i_1/O
                         net (fo=32, routed)          0.752     9.207    clk_cnt[0]_i_1_n_0
    SLICE_X42Y56         FDRE                                         r  clk_cnt_reg[24]/R
  -------------------------------------------------------------------    -------------------

                         (clock sys_clk_pin rise edge)
                                                      8.000     8.000 r  
    K17                                               0.000     8.000 r  sys_clk (IN)
                         net (fo=0)                   0.000     8.000    sys_clk
    K17                  IBUF (Prop_ibuf_I_O)         1.421     9.421 r  sys_clk_IBUF_inst/O
                         net (fo=1, routed)           1.880    11.301    sys_clk_IBUF
    BUFGCTRL_X0Y16       BUFG (Prop_bufg_I_O)         0.091    11.392 r  sys_clk_IBUF_BUFG_inst/O
                         net (fo=33, routed)          1.563    12.955    sys_clk_IBUF_BUFG
    SLICE_X42Y56         FDRE                                         r  clk_cnt_reg[24]/C
                         clock pessimism              0.429    13.384    
                         clock uncertainty           -0.035    13.348    
    SLICE_X42Y56         FDRE (Setup_fdre_C_R)       -0.524    12.824    clk_cnt_reg[24]
  -------------------------------------------------------------------
                         required time                         12.824    
                         arrival time                          -9.207    
  -------------------------------------------------------------------
                         slack                                  3.617    

Slack (MET) :             3.617ns  (required time - arrival time)
  Source:                 clk_cnt_reg[2]/C
                            (rising edge-triggered cell FDRE clocked by sys_clk_pin  {rise@0.000ns fall@4.000ns period=8.000ns})
  Destination:            clk_cnt_reg[25]/R
                            (rising edge-triggered cell FDRE clocked by sys_clk_pin  {rise@0.000ns fall@4.000ns period=8.000ns})
  Path Group:             sys_clk_pin
  Path Type:              Setup (Max at Slow Process Corner)
  Requirement:            8.000ns  (sys_clk_pin rise@8.000ns - sys_clk_pin rise@0.000ns)
  Data Path Delay:        3.797ns  (logic 0.890ns (23.439%)  route 2.907ns (76.561%))
  Logic Levels:           3  (LUT4=1 LUT5=1 LUT6=1)
  Clock Path Skew:        -0.026ns (DCD - SCD + CPR)
    Destination Clock Delay (DCD):    4.955ns = ( 12.955 - 8.000 ) 
    Source Clock Delay      (SCD):    5.410ns
    Clock Pessimism Removal (CPR):    0.429ns
  Clock Uncertainty:      0.035ns  ((TSJ^2 + TIJ^2)^1/2 + DJ) / 2 + PE
    Total System Jitter     (TSJ):    0.071ns
    Total Input Jitter      (TIJ):    0.000ns
    Discrete Jitter          (DJ):    0.000ns
    Phase Error              (PE):    0.000ns

    Location             Delay type                Incr(ns)  Path(ns)    Netlist Resource(s)
  -------------------------------------------------------------------    -------------------
                         (clock sys_clk_pin rise edge)
                                                      0.000     0.000 r  
    K17                                               0.000     0.000 r  sys_clk (IN)
                         net (fo=0)                   0.000     0.000    sys_clk
    K17                  IBUF (Prop_ibuf_I_O)         1.492     1.492 r  sys_clk_IBUF_inst/O
                         net (fo=1, routed)           2.076     3.568    sys_clk_IBUF
    BUFGCTRL_X0Y16       BUFG (Prop_bufg_I_O)         0.101     3.669 r  sys_clk_IBUF_BUFG_inst/O
                         net (fo=33, routed)          1.741     5.410    sys_clk_IBUF_BUFG
    SLICE_X42Y50         FDRE                                         r  clk_cnt_reg[2]/C
  -------------------------------------------------------------------    -------------------
    SLICE_X42Y50         FDRE (Prop_fdre_C_Q)         0.518     5.928 r  clk_cnt_reg[2]/Q
                         net (fo=2, routed)           1.027     6.955    clk_cnt_reg[2]
    SLICE_X43Y55         LUT4 (Prop_lut4_I2_O)        0.124     7.079 f  clk_cnt[0]_i_9/O
                         net (fo=1, routed)           0.546     7.625    clk_cnt[0]_i_9_n_0
    SLICE_X43Y53         LUT5 (Prop_lut5_I4_O)        0.124     7.749 f  clk_cnt[0]_i_4/O
                         net (fo=2, routed)           0.582     8.331    clk_cnt[0]_i_4_n_0
    SLICE_X43Y54         LUT6 (Prop_lut6_I3_O)        0.124     8.455 r  clk_cnt[0]_i_1/O
                         net (fo=32, routed)          0.752     9.207    clk_cnt[0]_i_1_n_0
    SLICE_X42Y56         FDRE                                         r  clk_cnt_reg[25]/R
  -------------------------------------------------------------------    -------------------

                         (clock sys_clk_pin rise edge)
                                                      8.000     8.000 r  
    K17                                               0.000     8.000 r  sys_clk (IN)
                         net (fo=0)                   0.000     8.000    sys_clk
    K17                  IBUF (Prop_ibuf_I_O)         1.421     9.421 r  sys_clk_IBUF_inst/O
                         net (fo=1, routed)           1.880    11.301    sys_clk_IBUF
    BUFGCTRL_X0Y16       BUFG (Prop_bufg_I_O)         0.091    11.392 r  sys_clk_IBUF_BUFG_inst/O
                         net (fo=33, routed)          1.563    12.955    sys_clk_IBUF_BUFG
    SLICE_X42Y56         FDRE                                         r  clk_cnt_reg[25]/C
                         clock pessimism              0.429    13.384    
                         clock uncertainty           -0.035    13.348    
    SLICE_X42Y56         FDRE (Setup_fdre_C_R)       -0.524    12.824    clk_cnt_reg[25]
  -------------------------------------------------------------------
                         required time                         12.824    
                         arrival time                          -9.207    
  -------------------------------------------------------------------
                         slack                                  3.617    





Min Delay Paths
--------------------------------------------------------------------------------------
Slack (MET) :             0.265ns  (arrival time - required time)
  Source:                 clk_cnt_reg[14]/C
                            (rising edge-triggered cell FDRE clocked by sys_clk_pin  {rise@0.000ns fall@4.000ns period=8.000ns})
  Destination:            clk_cnt_reg[14]/D
                            (rising edge-triggered cell FDRE clocked by sys_clk_pin  {rise@0.000ns fall@4.000ns period=8.000ns})
  Path Group:             sys_clk_pin
  Path Type:              Hold (Min at Fast Process Corner)
  Requirement:            0.000ns  (sys_clk_pin rise@0.000ns - sys_clk_pin rise@0.000ns)
  Data Path Delay:        0.399ns  (logic 0.274ns (68.589%)  route 0.125ns (31.411%))
  Logic Levels:           1  (CARRY4=1)
  Clock Path Skew:        0.000ns (DCD - SCD - CPR)
    Destination Clock Delay (DCD):    2.017ns
    Source Clock Delay      (SCD):    1.500ns
    Clock Pessimism Removal (CPR):    0.517ns

    Location             Delay type                Incr(ns)  Path(ns)    Netlist Resource(s)
  -------------------------------------------------------------------    -------------------
                         (clock sys_clk_pin rise edge)
                                                      0.000     0.000 r  
    K17                                               0.000     0.000 r  sys_clk (IN)
                         net (fo=0)                   0.000     0.000    sys_clk
    K17                  IBUF (Prop_ibuf_I_O)         0.259     0.259 r  sys_clk_IBUF_inst/O
                         net (fo=1, routed)           0.627     0.887    sys_clk_IBUF
    BUFGCTRL_X0Y16       BUFG (Prop_bufg_I_O)         0.026     0.913 r  sys_clk_IBUF_BUFG_inst/O
                         net (fo=33, routed)          0.588     1.500    sys_clk_IBUF_BUFG
    SLICE_X42Y53         FDRE                                         r  clk_cnt_reg[14]/C
  -------------------------------------------------------------------    -------------------
    SLICE_X42Y53         FDRE (Prop_fdre_C_Q)         0.164     1.664 r  clk_cnt_reg[14]/Q
                         net (fo=2, routed)           0.125     1.790    clk_cnt_reg[14]
    SLICE_X42Y53         CARRY4 (Prop_carry4_S[2]_O[2])
                                                      0.110     1.900 r  clk_cnt_reg[12]_i_1/O[2]
                         net (fo=1, routed)           0.000     1.900    clk_cnt_reg[12]_i_1_n_5
    SLICE_X42Y53         FDRE                                         r  clk_cnt_reg[14]/D
  -------------------------------------------------------------------    -------------------

                         (clock sys_clk_pin rise edge)
                                                      0.000     0.000 r  
    K17                                               0.000     0.000 r  sys_clk (IN)
                         net (fo=0)                   0.000     0.000    sys_clk
    K17                  IBUF (Prop_ibuf_I_O)         0.447     0.447 r  sys_clk_IBUF_inst/O
                         net (fo=1, routed)           0.683     1.130    sys_clk_IBUF
    BUFGCTRL_X0Y16       BUFG (Prop_bufg_I_O)         0.029     1.159 r  sys_clk_IBUF_BUFG_inst/O
                         net (fo=33, routed)          0.858     2.017    sys_clk_IBUF_BUFG
    SLICE_X42Y53         FDRE                                         r  clk_cnt_reg[14]/C
                         clock pessimism             -0.517     1.500    
    SLICE_X42Y53         FDRE (Hold_fdre_C_D)         0.134     1.634    clk_cnt_reg[14]
  -------------------------------------------------------------------
                         required time                         -1.634    
                         arrival time                           1.900    
  -------------------------------------------------------------------
                         slack                                  0.265    

Slack (MET) :             0.265ns  (arrival time - required time)
  Source:                 clk_cnt_reg[22]/C
                            (rising edge-triggered cell FDRE clocked by sys_clk_pin  {rise@0.000ns fall@4.000ns period=8.000ns})
  Destination:            clk_cnt_reg[22]/D
                            (rising edge-triggered cell FDRE clocked by sys_clk_pin  {rise@0.000ns fall@4.000ns period=8.000ns})
  Path Group:             sys_clk_pin
  Path Type:              Hold (Min at Fast Process Corner)
  Requirement:            0.000ns  (sys_clk_pin rise@0.000ns - sys_clk_pin rise@0.000ns)
  Data Path Delay:        0.399ns  (logic 0.274ns (68.589%)  route 0.125ns (31.411%))
  Logic Levels:           1  (CARRY4=1)
  Clock Path Skew:        0.000ns (DCD - SCD - CPR)
    Destination Clock Delay (DCD):    2.017ns
    Source Clock Delay      (SCD):    1.500ns
    Clock Pessimism Removal (CPR):    0.517ns

    Location             Delay type                Incr(ns)  Path(ns)    Netlist Resource(s)
  -------------------------------------------------------------------    -------------------
                         (clock sys_clk_pin rise edge)
                                                      0.000     0.000 r  
    K17                                               0.000     0.000 r  sys_clk (IN)
                         net (fo=0)                   0.000     0.000    sys_clk
    K17                  IBUF (Prop_ibuf_I_O)         0.259     0.259 r  sys_clk_IBUF_inst/O
                         net (fo=1, routed)           0.627     0.887    sys_clk_IBUF
    BUFGCTRL_X0Y16       BUFG (Prop_bufg_I_O)         0.026     0.913 r  sys_clk_IBUF_BUFG_inst/O
                         net (fo=33, routed)          0.588     1.500    sys_clk_IBUF_BUFG
    SLICE_X42Y55         FDRE                                         r  clk_cnt_reg[22]/C
  -------------------------------------------------------------------    -------------------
    SLICE_X42Y55         FDRE (Prop_fdre_C_Q)         0.164     1.664 r  clk_cnt_reg[22]/Q
                         net (fo=2, routed)           0.125     1.790    clk_cnt_reg[22]
    SLICE_X42Y55         CARRY4 (Prop_carry4_S[2]_O[2])
                                                      0.110     1.900 r  clk_cnt_reg[20]_i_1/O[2]
                         net (fo=1, routed)           0.000     1.900    clk_cnt_reg[20]_i_1_n_5
    SLICE_X42Y55         FDRE                                         r  clk_cnt_reg[22]/D
  -------------------------------------------------------------------    -------------------

                         (clock sys_clk_pin rise edge)
                                                      0.000     0.000 r  
    K17                                               0.000     0.000 r  sys_clk (IN)
                         net (fo=0)                   0.000     0.000    sys_clk
    K17                  IBUF (Prop_ibuf_I_O)         0.447     0.447 r  sys_clk_IBUF_inst/O
                         net (fo=1, routed)           0.683     1.130    sys_clk_IBUF
    BUFGCTRL_X0Y16       BUFG (Prop_bufg_I_O)         0.029     1.159 r  sys_clk_IBUF_BUFG_inst/O
                         net (fo=33, routed)          0.858     2.017    sys_clk_IBUF_BUFG
    SLICE_X42Y55         FDRE                                         r  clk_cnt_reg[22]/C
                         clock pessimism             -0.517     1.500    
    SLICE_X42Y55         FDRE (Hold_fdre_C_D)         0.134     1.634    clk_cnt_reg[22]
  -------------------------------------------------------------------
                         required time                         -1.634    
                         arrival time                           1.900    
  -------------------------------------------------------------------
                         slack                                  0.265    

Slack (MET) :             0.267ns  (arrival time - required time)
  Source:                 clk_cnt_reg[10]/C
                            (rising edge-triggered cell FDRE clocked by sys_clk_pin  {rise@0.000ns fall@4.000ns period=8.000ns})
  Destination:            clk_cnt_reg[10]/D
                            (rising edge-triggered cell FDRE clocked by sys_clk_pin  {rise@0.000ns fall@4.000ns period=8.000ns})
  Path Group:             sys_clk_pin
  Path Type:              Hold (Min at Fast Process Corner)
  Requirement:            0.000ns  (sys_clk_pin rise@0.000ns - sys_clk_pin rise@0.000ns)
  Data Path Delay:        0.401ns  (logic 0.274ns (68.412%)  route 0.127ns (31.588%))
  Logic Levels:           1  (CARRY4=1)
  Clock Path Skew:        0.000ns (DCD - SCD - CPR)
    Destination Clock Delay (DCD):    2.018ns
    Source Clock Delay      (SCD):    1.501ns
    Clock Pessimism Removal (CPR):    0.517ns

    Location             Delay type                Incr(ns)  Path(ns)    Netlist Resource(s)
  -------------------------------------------------------------------    -------------------
                         (clock sys_clk_pin rise edge)
                                                      0.000     0.000 r  
    K17                                               0.000     0.000 r  sys_clk (IN)
                         net (fo=0)                   0.000     0.000    sys_clk
    K17                  IBUF (Prop_ibuf_I_O)         0.259     0.259 r  sys_clk_IBUF_inst/O
                         net (fo=1, routed)           0.627     0.887    sys_clk_IBUF
    BUFGCTRL_X0Y16       BUFG (Prop_bufg_I_O)         0.026     0.913 r  sys_clk_IBUF_BUFG_inst/O
                         net (fo=33, routed)          0.589     1.501    sys_clk_IBUF_BUFG
    SLICE_X42Y52         FDRE                                         r  clk_cnt_reg[10]/C
  -------------------------------------------------------------------    -------------------
    SLICE_X42Y52         FDRE (Prop_fdre_C_Q)         0.164     1.665 r  clk_cnt_reg[10]/Q
                         net (fo=2, routed)           0.127     1.792    clk_cnt_reg[10]
    SLICE_X42Y52         CARRY4 (Prop_carry4_S[2]_O[2])
                                                      0.110     1.902 r  clk_cnt_reg[8]_i_1/O[2]
                         net (fo=1, routed)           0.000     1.902    clk_cnt_reg[8]_i_1_n_5
    SLICE_X42Y52         FDRE                                         r  clk_cnt_reg[10]/D
  -------------------------------------------------------------------    -------------------

                         (clock sys_clk_pin rise edge)
                                                      0.000     0.000 r  
    K17                                               0.000     0.000 r  sys_clk (IN)
                         net (fo=0)                   0.000     0.000    sys_clk
    K17                  IBUF (Prop_ibuf_I_O)         0.447     0.447 r  sys_clk_IBUF_inst/O
                         net (fo=1, routed)           0.683     1.130    sys_clk_IBUF
    BUFGCTRL_X0Y16       BUFG (Prop_bufg_I_O)         0.029     1.159 r  sys_clk_IBUF_BUFG_inst/O
                         net (fo=33, routed)          0.859     2.018    sys_clk_IBUF_BUFG
    SLICE_X42Y52         FDRE                                         r  clk_cnt_reg[10]/C
                         clock pessimism             -0.517     1.501    
    SLICE_X42Y52         FDRE (Hold_fdre_C_D)         0.134     1.635    clk_cnt_reg[10]
  -------------------------------------------------------------------
                         required time                         -1.635    
                         arrival time                           1.902    
  -------------------------------------------------------------------
                         slack                                  0.267    

Slack (MET) :             0.267ns  (arrival time - required time)
  Source:                 clk_cnt_reg[18]/C
                            (rising edge-triggered cell FDRE clocked by sys_clk_pin  {rise@0.000ns fall@4.000ns period=8.000ns})
  Destination:            clk_cnt_reg[18]/D
                            (rising edge-triggered cell FDRE clocked by sys_clk_pin  {rise@0.000ns fall@4.000ns period=8.000ns})
  Path Group:             sys_clk_pin
  Path Type:              Hold (Min at Fast Process Corner)
  Requirement:            0.000ns  (sys_clk_pin rise@0.000ns - sys_clk_pin rise@0.000ns)
  Data Path Delay:        0.401ns  (logic 0.274ns (68.412%)  route 0.127ns (31.588%))
  Logic Levels:           1  (CARRY4=1)
  Clock Path Skew:        0.000ns (DCD - SCD - CPR)
    Destination Clock Delay (DCD):    2.017ns
    Source Clock Delay      (SCD):    1.500ns
    Clock Pessimism Removal (CPR):    0.517ns

    Location             Delay type                Incr(ns)  Path(ns)    Netlist Resource(s)
  -------------------------------------------------------------------    -------------------
                         (clock sys_clk_pin rise edge)
                                                      0.000     0.000 r  
    K17                                               0.000     0.000 r  sys_clk (IN)
                         net (fo=0)                   0.000     0.000    sys_clk
    K17                  IBUF (Prop_ibuf_I_O)         0.259     0.259 r  sys_clk_IBUF_inst/O
                         net (fo=1, routed)           0.627     0.887    sys_clk_IBUF
    BUFGCTRL_X0Y16       BUFG (Prop_bufg_I_O)         0.026     0.913 r  sys_clk_IBUF_BUFG_inst/O
                         net (fo=33, routed)          0.588     1.500    sys_clk_IBUF_BUFG
    SLICE_X42Y54         FDRE                                         r  clk_cnt_reg[18]/C
  -------------------------------------------------------------------    -------------------
    SLICE_X42Y54         FDRE (Prop_fdre_C_Q)         0.164     1.664 r  clk_cnt_reg[18]/Q
                         net (fo=2, routed)           0.127     1.791    clk_cnt_reg[18]
    SLICE_X42Y54         CARRY4 (Prop_carry4_S[2]_O[2])
                                                      0.110     1.901 r  clk_cnt_reg[16]_i_1/O[2]
                         net (fo=1, routed)           0.000     1.901    clk_cnt_reg[16]_i_1_n_5
    SLICE_X42Y54         FDRE                                         r  clk_cnt_reg[18]/D
  -------------------------------------------------------------------    -------------------

                         (clock sys_clk_pin rise edge)
                                                      0.000     0.000 r  
    K17                                               0.000     0.000 r  sys_clk (IN)
                         net (fo=0)                   0.000     0.000    sys_clk
    K17                  IBUF (Prop_ibuf_I_O)         0.447     0.447 r  sys_clk_IBUF_inst/O
                         net (fo=1, routed)           0.683     1.130    sys_clk_IBUF
    BUFGCTRL_X0Y16       BUFG (Prop_bufg_I_O)         0.029     1.159 r  sys_clk_IBUF_BUFG_inst/O
                         net (fo=33, routed)          0.858     2.017    sys_clk_IBUF_BUFG
    SLICE_X42Y54         FDRE                                         r  clk_cnt_reg[18]/C
                         clock pessimism             -0.517     1.500    
    SLICE_X42Y54         FDRE (Hold_fdre_C_D)         0.134     1.634    clk_cnt_reg[18]
  -------------------------------------------------------------------
                         required time                         -1.634    
                         arrival time                           1.901    
  -------------------------------------------------------------------
                         slack                                  0.267    

Slack (MET) :             0.267ns  (arrival time - required time)
  Source:                 clk_cnt_reg[30]/C
                            (rising edge-triggered cell FDRE clocked by sys_clk_pin  {rise@0.000ns fall@4.000ns period=8.000ns})
  Destination:            clk_cnt_reg[30]/D
                            (rising edge-triggered cell FDRE clocked by sys_clk_pin  {rise@0.000ns fall@4.000ns period=8.000ns})
  Path Group:             sys_clk_pin
  Path Type:              Hold (Min at Fast Process Corner)
  Requirement:            0.000ns  (sys_clk_pin rise@0.000ns - sys_clk_pin rise@0.000ns)
  Data Path Delay:        0.401ns  (logic 0.274ns (68.401%)  route 0.127ns (31.599%))
  Logic Levels:           1  (CARRY4=1)
  Clock Path Skew:        0.000ns (DCD - SCD - CPR)
    Destination Clock Delay (DCD):    2.016ns
    Source Clock Delay      (SCD):    1.499ns
    Clock Pessimism Removal (CPR):    0.517ns

    Location             Delay type                Incr(ns)  Path(ns)    Netlist Resource(s)
  -------------------------------------------------------------------    -------------------
                         (clock sys_clk_pin rise edge)
                                                      0.000     0.000 r  
    K17                                               0.000     0.000 r  sys_clk (IN)
                         net (fo=0)                   0.000     0.000    sys_clk
    K17                  IBUF (Prop_ibuf_I_O)         0.259     0.259 r  sys_clk_IBUF_inst/O
                         net (fo=1, routed)           0.627     0.887    sys_clk_IBUF
    BUFGCTRL_X0Y16       BUFG (Prop_bufg_I_O)         0.026     0.913 r  sys_clk_IBUF_BUFG_inst/O
                         net (fo=33, routed)          0.587     1.499    sys_clk_IBUF_BUFG
    SLICE_X42Y57         FDRE                                         r  clk_cnt_reg[30]/C
  -------------------------------------------------------------------    -------------------
    SLICE_X42Y57         FDRE (Prop_fdre_C_Q)         0.164     1.663 r  clk_cnt_reg[30]/Q
                         net (fo=2, routed)           0.127     1.790    clk_cnt_reg[30]
    SLICE_X42Y57         CARRY4 (Prop_carry4_S[2]_O[2])
                                                      0.110     1.900 r  clk_cnt_reg[28]_i_1/O[2]
                         net (fo=1, routed)           0.000     1.900    clk_cnt_reg[28]_i_1_n_5
    SLICE_X42Y57         FDRE                                         r  clk_cnt_reg[30]/D
  -------------------------------------------------------------------    -------------------

                         (clock sys_clk_pin rise edge)
                                                      0.000     0.000 r  
    K17                                               0.000     0.000 r  sys_clk (IN)
                         net (fo=0)                   0.000     0.000    sys_clk
    K17                  IBUF (Prop_ibuf_I_O)         0.447     0.447 r  sys_clk_IBUF_inst/O
                         net (fo=1, routed)           0.683     1.130    sys_clk_IBUF
    BUFGCTRL_X0Y16       BUFG (Prop_bufg_I_O)         0.029     1.159 r  sys_clk_IBUF_BUFG_inst/O
                         net (fo=33, routed)          0.857     2.016    sys_clk_IBUF_BUFG
    SLICE_X42Y57         FDRE                                         r  clk_cnt_reg[30]/C
                         clock pessimism             -0.517     1.499    
    SLICE_X42Y57         FDRE (Hold_fdre_C_D)         0.134     1.633    clk_cnt_reg[30]
  -------------------------------------------------------------------
                         required time                         -1.633    
                         arrival time                           1.900    
  -------------------------------------------------------------------
                         slack                                  0.267    

Slack (MET) :             0.267ns  (arrival time - required time)
  Source:                 clk_cnt_reg[6]/C
                            (rising edge-triggered cell FDRE clocked by sys_clk_pin  {rise@0.000ns fall@4.000ns period=8.000ns})
  Destination:            clk_cnt_reg[6]/D
                            (rising edge-triggered cell FDRE clocked by sys_clk_pin  {rise@0.000ns fall@4.000ns period=8.000ns})
  Path Group:             sys_clk_pin
  Path Type:              Hold (Min at Fast Process Corner)
  Requirement:            0.000ns  (sys_clk_pin rise@0.000ns - sys_clk_pin rise@0.000ns)
  Data Path Delay:        0.401ns  (logic 0.274ns (68.401%)  route 0.127ns (31.599%))
  Logic Levels:           1  (CARRY4=1)
  Clock Path Skew:        0.000ns (DCD - SCD - CPR)
    Destination Clock Delay (DCD):    2.018ns
    Source Clock Delay      (SCD):    1.501ns
    Clock Pessimism Removal (CPR):    0.517ns

    Location             Delay type                Incr(ns)  Path(ns)    Netlist Resource(s)
  -------------------------------------------------------------------    -------------------
                         (clock sys_clk_pin rise edge)
                                                      0.000     0.000 r  
    K17                                               0.000     0.000 r  sys_clk (IN)
                         net (fo=0)                   0.000     0.000    sys_clk
    K17                  IBUF (Prop_ibuf_I_O)         0.259     0.259 r  sys_clk_IBUF_inst/O
                         net (fo=1, routed)           0.627     0.887    sys_clk_IBUF
    BUFGCTRL_X0Y16       BUFG (Prop_bufg_I_O)         0.026     0.913 r  sys_clk_IBUF_BUFG_inst/O
                         net (fo=33, routed)          0.589     1.501    sys_clk_IBUF_BUFG
    SLICE_X42Y51         FDRE                                         r  clk_cnt_reg[6]/C
  -------------------------------------------------------------------    -------------------
    SLICE_X42Y51         FDRE (Prop_fdre_C_Q)         0.164     1.665 r  clk_cnt_reg[6]/Q
                         net (fo=2, routed)           0.127     1.792    clk_cnt_reg[6]
    SLICE_X42Y51         CARRY4 (Prop_carry4_S[2]_O[2])
                                                      0.110     1.902 r  clk_cnt_reg[4]_i_1/O[2]
                         net (fo=1, routed)           0.000     1.902    clk_cnt_reg[4]_i_1_n_5
    SLICE_X42Y51         FDRE                                         r  clk_cnt_reg[6]/D
  -------------------------------------------------------------------    -------------------

                         (clock sys_clk_pin rise edge)
                                                      0.000     0.000 r  
    K17                                               0.000     0.000 r  sys_clk (IN)
                         net (fo=0)                   0.000     0.000    sys_clk
    K17                  IBUF (Prop_ibuf_I_O)         0.447     0.447 r  sys_clk_IBUF_inst/O
                         net (fo=1, routed)           0.683     1.130    sys_clk_IBUF
    BUFGCTRL_X0Y16       BUFG (Prop_bufg_I_O)         0.029     1.159 r  sys_clk_IBUF_BUFG_inst/O
                         net (fo=33, routed)          0.859     2.018    sys_clk_IBUF_BUFG
    SLICE_X42Y51         FDRE                                         r  clk_cnt_reg[6]/C
                         clock pessimism             -0.517     1.501    
    SLICE_X42Y51         FDRE (Hold_fdre_C_D)         0.134     1.635    clk_cnt_reg[6]
  -------------------------------------------------------------------
                         required time                         -1.635    
                         arrival time                           1.902    
  -------------------------------------------------------------------
                         slack                                  0.267    

Slack (MET) :             0.267ns  (arrival time - required time)
  Source:                 clk_cnt_reg[26]/C
                            (rising edge-triggered cell FDRE clocked by sys_clk_pin  {rise@0.000ns fall@4.000ns period=8.000ns})
  Destination:            clk_cnt_reg[26]/D
                            (rising edge-triggered cell FDRE clocked by sys_clk_pin  {rise@0.000ns fall@4.000ns period=8.000ns})
  Path Group:             sys_clk_pin
  Path Type:              Hold (Min at Fast Process Corner)
  Requirement:            0.000ns  (sys_clk_pin rise@0.000ns - sys_clk_pin rise@0.000ns)
  Data Path Delay:        0.401ns  (logic 0.274ns (68.401%)  route 0.127ns (31.599%))
  Logic Levels:           1  (CARRY4=1)
  Clock Path Skew:        0.000ns (DCD - SCD - CPR)
    Destination Clock Delay (DCD):    2.017ns
    Source Clock Delay      (SCD):    1.500ns
    Clock Pessimism Removal (CPR):    0.517ns

    Location             Delay type                Incr(ns)  Path(ns)    Netlist Resource(s)
  -------------------------------------------------------------------    -------------------
                         (clock sys_clk_pin rise edge)
                                                      0.000     0.000 r  
    K17                                               0.000     0.000 r  sys_clk (IN)
                         net (fo=0)                   0.000     0.000    sys_clk
    K17                  IBUF (Prop_ibuf_I_O)         0.259     0.259 r  sys_clk_IBUF_inst/O
                         net (fo=1, routed)           0.627     0.887    sys_clk_IBUF
    BUFGCTRL_X0Y16       BUFG (Prop_bufg_I_O)         0.026     0.913 r  sys_clk_IBUF_BUFG_inst/O
                         net (fo=33, routed)          0.588     1.500    sys_clk_IBUF_BUFG
    SLICE_X42Y56         FDRE                                         r  clk_cnt_reg[26]/C
  -------------------------------------------------------------------    -------------------
    SLICE_X42Y56         FDRE (Prop_fdre_C_Q)         0.164     1.664 r  clk_cnt_reg[26]/Q
                         net (fo=2, routed)           0.127     1.791    clk_cnt_reg[26]
    SLICE_X42Y56         CARRY4 (Prop_carry4_S[2]_O[2])
                                                      0.110     1.901 r  clk_cnt_reg[24]_i_1/O[2]
                         net (fo=1, routed)           0.000     1.901    clk_cnt_reg[24]_i_1_n_5
    SLICE_X42Y56         FDRE                                         r  clk_cnt_reg[26]/D
  -------------------------------------------------------------------    -------------------

                         (clock sys_clk_pin rise edge)
                                                      0.000     0.000 r  
    K17                                               0.000     0.000 r  sys_clk (IN)
                         net (fo=0)                   0.000     0.000    sys_clk
    K17                  IBUF (Prop_ibuf_I_O)         0.447     0.447 r  sys_clk_IBUF_inst/O
                         net (fo=1, routed)           0.683     1.130    sys_clk_IBUF
    BUFGCTRL_X0Y16       BUFG (Prop_bufg_I_O)         0.029     1.159 r  sys_clk_IBUF_BUFG_inst/O
                         net (fo=33, routed)          0.858     2.017    sys_clk_IBUF_BUFG
    SLICE_X42Y56         FDRE                                         r  clk_cnt_reg[26]/C
                         clock pessimism             -0.517     1.500    
    SLICE_X42Y56         FDRE (Hold_fdre_C_D)         0.134     1.634    clk_cnt_reg[26]
  -------------------------------------------------------------------
                         required time                         -1.634    
                         arrival time                           1.901    
  -------------------------------------------------------------------
                         slack                                  0.267    

Slack (MET) :             0.269ns  (arrival time - required time)
  Source:                 clk_cnt_reg[2]/C
                            (rising edge-triggered cell FDRE clocked by sys_clk_pin  {rise@0.000ns fall@4.000ns period=8.000ns})
  Destination:            clk_cnt_reg[2]/D
                            (rising edge-triggered cell FDRE clocked by sys_clk_pin  {rise@0.000ns fall@4.000ns period=8.000ns})
  Path Group:             sys_clk_pin
  Path Type:              Hold (Min at Fast Process Corner)
  Requirement:            0.000ns  (sys_clk_pin rise@0.000ns - sys_clk_pin rise@0.000ns)
  Data Path Delay:        0.403ns  (logic 0.274ns (68.033%)  route 0.129ns (31.967%))
  Logic Levels:           1  (CARRY4=1)
  Clock Path Skew:        0.000ns (DCD - SCD - CPR)
    Destination Clock Delay (DCD):    2.018ns
    Source Clock Delay      (SCD):    1.501ns
    Clock Pessimism Removal (CPR):    0.517ns

    Location             Delay type                Incr(ns)  Path(ns)    Netlist Resource(s)
  -------------------------------------------------------------------    -------------------
                         (clock sys_clk_pin rise edge)
                                                      0.000     0.000 r  
    K17                                               0.000     0.000 r  sys_clk (IN)
                         net (fo=0)                   0.000     0.000    sys_clk
    K17                  IBUF (Prop_ibuf_I_O)         0.259     0.259 r  sys_clk_IBUF_inst/O
                         net (fo=1, routed)           0.627     0.887    sys_clk_IBUF
    BUFGCTRL_X0Y16       BUFG (Prop_bufg_I_O)         0.026     0.913 r  sys_clk_IBUF_BUFG_inst/O
                         net (fo=33, routed)          0.589     1.501    sys_clk_IBUF_BUFG
    SLICE_X42Y50         FDRE                                         r  clk_cnt_reg[2]/C
  -------------------------------------------------------------------    -------------------
    SLICE_X42Y50         FDRE (Prop_fdre_C_Q)         0.164     1.665 r  clk_cnt_reg[2]/Q
                         net (fo=2, routed)           0.129     1.794    clk_cnt_reg[2]
    SLICE_X42Y50         CARRY4 (Prop_carry4_S[2]_O[2])
                                                      0.110     1.904 r  clk_cnt_reg[0]_i_2/O[2]
                         net (fo=1, routed)           0.000     1.904    clk_cnt_reg[0]_i_2_n_5
    SLICE_X42Y50         FDRE                                         r  clk_cnt_reg[2]/D
  -------------------------------------------------------------------    -------------------

                         (clock sys_clk_pin rise edge)
                                                      0.000     0.000 r  
    K17                                               0.000     0.000 r  sys_clk (IN)
                         net (fo=0)                   0.000     0.000    sys_clk
    K17                  IBUF (Prop_ibuf_I_O)         0.447     0.447 r  sys_clk_IBUF_inst/O
                         net (fo=1, routed)           0.683     1.130    sys_clk_IBUF
    BUFGCTRL_X0Y16       BUFG (Prop_bufg_I_O)         0.029     1.159 r  sys_clk_IBUF_BUFG_inst/O
                         net (fo=33, routed)          0.859     2.018    sys_clk_IBUF_BUFG
    SLICE_X42Y50         FDRE                                         r  clk_cnt_reg[2]/C
                         clock pessimism             -0.517     1.501    
    SLICE_X42Y50         FDRE (Hold_fdre_C_D)         0.134     1.635    clk_cnt_reg[2]
  -------------------------------------------------------------------
                         required time                         -1.635    
                         arrival time                           1.904    
  -------------------------------------------------------------------
                         slack                                  0.269    

Slack (MET) :             0.301ns  (arrival time - required time)
  Source:                 clk_cnt_reg[14]/C
                            (rising edge-triggered cell FDRE clocked by sys_clk_pin  {rise@0.000ns fall@4.000ns period=8.000ns})
  Destination:            clk_cnt_reg[15]/D
                            (rising edge-triggered cell FDRE clocked by sys_clk_pin  {rise@0.000ns fall@4.000ns period=8.000ns})
  Path Group:             sys_clk_pin
  Path Type:              Hold (Min at Fast Process Corner)
  Requirement:            0.000ns  (sys_clk_pin rise@0.000ns - sys_clk_pin rise@0.000ns)
  Data Path Delay:        0.435ns  (logic 0.310ns (71.185%)  route 0.125ns (28.815%))
  Logic Levels:           1  (CARRY4=1)
  Clock Path Skew:        0.000ns (DCD - SCD - CPR)
    Destination Clock Delay (DCD):    2.017ns
    Source Clock Delay      (SCD):    1.500ns
    Clock Pessimism Removal (CPR):    0.517ns

    Location             Delay type                Incr(ns)  Path(ns)    Netlist Resource(s)
  -------------------------------------------------------------------    -------------------
                         (clock sys_clk_pin rise edge)
                                                      0.000     0.000 r  
    K17                                               0.000     0.000 r  sys_clk (IN)
                         net (fo=0)                   0.000     0.000    sys_clk
    K17                  IBUF (Prop_ibuf_I_O)         0.259     0.259 r  sys_clk_IBUF_inst/O
                         net (fo=1, routed)           0.627     0.887    sys_clk_IBUF
    BUFGCTRL_X0Y16       BUFG (Prop_bufg_I_O)         0.026     0.913 r  sys_clk_IBUF_BUFG_inst/O
                         net (fo=33, routed)          0.588     1.500    sys_clk_IBUF_BUFG
    SLICE_X42Y53         FDRE                                         r  clk_cnt_reg[14]/C
  -------------------------------------------------------------------    -------------------
    SLICE_X42Y53         FDRE (Prop_fdre_C_Q)         0.164     1.664 r  clk_cnt_reg[14]/Q
                         net (fo=2, routed)           0.125     1.790    clk_cnt_reg[14]
    SLICE_X42Y53         CARRY4 (Prop_carry4_S[2]_O[3])
                                                      0.146     1.936 r  clk_cnt_reg[12]_i_1/O[3]
                         net (fo=1, routed)           0.000     1.936    clk_cnt_reg[12]_i_1_n_4
    SLICE_X42Y53         FDRE                                         r  clk_cnt_reg[15]/D
  -------------------------------------------------------------------    -------------------

                         (clock sys_clk_pin rise edge)
                                                      0.000     0.000 r  
    K17                                               0.000     0.000 r  sys_clk (IN)
                         net (fo=0)                   0.000     0.000    sys_clk
    K17                  IBUF (Prop_ibuf_I_O)         0.447     0.447 r  sys_clk_IBUF_inst/O
                         net (fo=1, routed)           0.683     1.130    sys_clk_IBUF
    BUFGCTRL_X0Y16       BUFG (Prop_bufg_I_O)         0.029     1.159 r  sys_clk_IBUF_BUFG_inst/O
                         net (fo=33, routed)          0.858     2.017    sys_clk_IBUF_BUFG
    SLICE_X42Y53         FDRE                                         r  clk_cnt_reg[15]/C
                         clock pessimism             -0.517     1.500    
    SLICE_X42Y53         FDRE (Hold_fdre_C_D)         0.134     1.634    clk_cnt_reg[15]
  -------------------------------------------------------------------
                         required time                         -1.634    
                         arrival time                           1.936    
  -------------------------------------------------------------------
                         slack                                  0.301    

Slack (MET) :             0.301ns  (arrival time - required time)
  Source:                 clk_cnt_reg[22]/C
                            (rising edge-triggered cell FDRE clocked by sys_clk_pin  {rise@0.000ns fall@4.000ns period=8.000ns})
  Destination:            clk_cnt_reg[23]/D
                            (rising edge-triggered cell FDRE clocked by sys_clk_pin  {rise@0.000ns fall@4.000ns period=8.000ns})
  Path Group:             sys_clk_pin
  Path Type:              Hold (Min at Fast Process Corner)
  Requirement:            0.000ns  (sys_clk_pin rise@0.000ns - sys_clk_pin rise@0.000ns)
  Data Path Delay:        0.435ns  (logic 0.310ns (71.185%)  route 0.125ns (28.815%))
  Logic Levels:           1  (CARRY4=1)
  Clock Path Skew:        0.000ns (DCD - SCD - CPR)
    Destination Clock Delay (DCD):    2.017ns
    Source Clock Delay      (SCD):    1.500ns
    Clock Pessimism Removal (CPR):    0.517ns

    Location             Delay type                Incr(ns)  Path(ns)    Netlist Resource(s)
  -------------------------------------------------------------------    -------------------
                         (clock sys_clk_pin rise edge)
                                                      0.000     0.000 r  
    K17                                               0.000     0.000 r  sys_clk (IN)
                         net (fo=0)                   0.000     0.000    sys_clk
    K17                  IBUF (Prop_ibuf_I_O)         0.259     0.259 r  sys_clk_IBUF_inst/O
                         net (fo=1, routed)           0.627     0.887    sys_clk_IBUF
    BUFGCTRL_X0Y16       BUFG (Prop_bufg_I_O)         0.026     0.913 r  sys_clk_IBUF_BUFG_inst/O
                         net (fo=33, routed)          0.588     1.500    sys_clk_IBUF_BUFG
    SLICE_X42Y55         FDRE                                         r  clk_cnt_reg[22]/C
  -------------------------------------------------------------------    -------------------
    SLICE_X42Y55         FDRE (Prop_fdre_C_Q)         0.164     1.664 r  clk_cnt_reg[22]/Q
                         net (fo=2, routed)           0.125     1.790    clk_cnt_reg[22]
    SLICE_X42Y55         CARRY4 (Prop_carry4_S[2]_O[3])
                                                      0.146     1.936 r  clk_cnt_reg[20]_i_1/O[3]
                         net (fo=1, routed)           0.000     1.936    clk_cnt_reg[20]_i_1_n_4
    SLICE_X42Y55         FDRE                                         r  clk_cnt_reg[23]/D
  -------------------------------------------------------------------    -------------------

                         (clock sys_clk_pin rise edge)
                                                      0.000     0.000 r  
    K17                                               0.000     0.000 r  sys_clk (IN)
                         net (fo=0)                   0.000     0.000    sys_clk
    K17                  IBUF (Prop_ibuf_I_O)         0.447     0.447 r  sys_clk_IBUF_inst/O
                         net (fo=1, routed)           0.683     1.130    sys_clk_IBUF
    BUFGCTRL_X0Y16       BUFG (Prop_bufg_I_O)         0.029     1.159 r  sys_clk_IBUF_BUFG_inst/O
                         net (fo=33, routed)          0.858     2.017    sys_clk_IBUF_BUFG
    SLICE_X42Y55         FDRE                                         r  clk_cnt_reg[23]/C
                         clock pessimism             -0.517     1.500    
    SLICE_X42Y55         FDRE (Hold_fdre_C_D)         0.134     1.634    clk_cnt_reg[23]
  -------------------------------------------------------------------
                         required time                         -1.634    
                         arrival time                           1.936    
  -------------------------------------------------------------------
                         slack                                  0.301    





Pulse Width Checks
--------------------------------------------------------------------------------------
Clock Name:         sys_clk_pin
Waveform(ns):       { 0.000 4.000 }
Period(ns):         8.000
Sources:            { sys_clk }

Check Type        Corner  Lib Pin  Reference Pin  Required(ns)  Actual(ns)  Slack(ns)  Location        Pin
Min Period        n/a     BUFG/I   n/a            2.155         8.000       5.845      BUFGCTRL_X0Y16  sys_clk_IBUF_BUFG_inst/I
Min Period        n/a     FDRE/C   n/a            1.000         8.000       7.000      SLICE_X42Y50    clk_cnt_reg[0]/C
Min Period        n/a     FDRE/C   n/a            1.000         8.000       7.000      SLICE_X42Y52    clk_cnt_reg[10]/C
Min Period        n/a     FDRE/C   n/a            1.000         8.000       7.000      SLICE_X42Y52    clk_cnt_reg[11]/C
Min Period        n/a     FDRE/C   n/a            1.000         8.000       7.000      SLICE_X42Y53    clk_cnt_reg[12]/C
Min Period        n/a     FDRE/C   n/a            1.000         8.000       7.000      SLICE_X42Y53    clk_cnt_reg[13]/C
Min Period        n/a     FDRE/C   n/a            1.000         8.000       7.000      SLICE_X42Y53    clk_cnt_reg[14]/C
Min Period        n/a     FDRE/C   n/a            1.000         8.000       7.000      SLICE_X42Y53    clk_cnt_reg[15]/C
Min Period        n/a     FDRE/C   n/a            1.000         8.000       7.000      SLICE_X42Y54    clk_cnt_reg[16]/C
Min Period        n/a     FDRE/C   n/a            1.000         8.000       7.000      SLICE_X42Y54    clk_cnt_reg[17]/C
Low Pulse Width   Slow    FDRE/C   n/a            0.500         4.000       3.500      SLICE_X42Y50    clk_cnt_reg[0]/C
Low Pulse Width   Fast    FDRE/C   n/a            0.500         4.000       3.500      SLICE_X42Y50    clk_cnt_reg[0]/C
Low Pulse Width   Slow    FDRE/C   n/a            0.500         4.000       3.500      SLICE_X42Y52    clk_cnt_reg[10]/C
Low Pulse Width   Fast    FDRE/C   n/a            0.500         4.000       3.500      SLICE_X42Y52    clk_cnt_reg[10]/C
Low Pulse Width   Slow    FDRE/C   n/a            0.500         4.000       3.500      SLICE_X42Y52    clk_cnt_reg[11]/C
Low Pulse Width   Fast    FDRE/C   n/a            0.500         4.000       3.500      SLICE_X42Y52    clk_cnt_reg[11]/C
Low Pulse Width   Slow    FDRE/C   n/a            0.500         4.000       3.500      SLICE_X42Y53    clk_cnt_reg[12]/C
Low Pulse Width   Fast    FDRE/C   n/a            0.500         4.000       3.500      SLICE_X42Y53    clk_cnt_reg[12]/C
Low Pulse Width   Slow    FDRE/C   n/a            0.500         4.000       3.500      SLICE_X42Y53    clk_cnt_reg[13]/C
Low Pulse Width   Fast    FDRE/C   n/a            0.500         4.000       3.500      SLICE_X42Y53    clk_cnt_reg[13]/C
High Pulse Width  Slow    FDRE/C   n/a            0.500         4.000       3.500      SLICE_X42Y50    clk_cnt_reg[0]/C
High Pulse Width  Fast    FDRE/C   n/a            0.500         4.000       3.500      SLICE_X42Y50    clk_cnt_reg[0]/C
High Pulse Width  Slow    FDRE/C   n/a            0.500         4.000       3.500      SLICE_X42Y52    clk_cnt_reg[10]/C
High Pulse Width  Fast    FDRE/C   n/a            0.500         4.000       3.500      SLICE_X42Y52    clk_cnt_reg[10]/C
High Pulse Width  Slow    FDRE/C   n/a            0.500         4.000       3.500      SLICE_X42Y52    clk_cnt_reg[11]/C
High Pulse Width  Fast    FDRE/C   n/a            0.500         4.000       3.500      SLICE_X42Y52    clk_cnt_reg[11]/C
High Pulse Width  Slow    FDRE/C   n/a            0.500         4.000       3.500      SLICE_X42Y53    clk_cnt_reg[12]/C
High Pulse Width  Fast    FDRE/C   n/a            0.500         4.000       3.500      SLICE_X42Y53    clk_cnt_reg[12]/C
High Pulse Width  Slow    FDRE/C   n/a            0.500         4.000       3.500      SLICE_X42Y53    clk_cnt_reg[13]/C
High Pulse Width  Fast    FDRE/C   n/a            0.500         4.000       3.500      SLICE_X42Y53    clk_cnt_reg[13]/C



--------------------------------------------------------------------------------------
Path Group:  (none)
From Clock:  sys_clk_pin
  To Clock:  

Max Delay             1 Endpoint
Min Delay             1 Endpoint
--------------------------------------------------------------------------------------


Max Delay Paths
--------------------------------------------------------------------------------------
Slack:                    inf
  Source:                 led_internal_reg/C
                            (rising edge-triggered cell FDRE clocked by sys_clk_pin  {rise@0.000ns fall@4.000ns period=8.000ns})
  Destination:            led_out
                            (output port)
  Path Group:             (none)
  Path Type:              Max at Slow Process Corner
  Data Path Delay:        5.663ns  (logic 3.987ns (70.408%)  route 1.676ns (29.592%))
  Logic Levels:           1  (OBUF=1)
  Clock Uncertainty:      0.025ns  ((TSJ^2 + TIJ^2)^1/2 + DJ) / 2 + PE
    Total System Jitter     (TSJ):    0.050ns
    Total Input Jitter      (TIJ):    0.000ns
    Discrete Jitter          (DJ):    0.000ns
    Phase Error              (PE):    0.000ns

    Location             Delay type                Incr(ns)  Path(ns)    Netlist Resource(s)
  -------------------------------------------------------------------    -------------------
                         (clock sys_clk_pin rise edge)
                                                      0.000     0.000 r  
    K17                                               0.000     0.000 r  sys_clk (IN)
                         net (fo=0)                   0.000     0.000    sys_clk
    K17                  IBUF (Prop_ibuf_I_O)         1.492     1.492 r  sys_clk_IBUF_inst/O
                         net (fo=1, routed)           2.076     3.568    sys_clk_IBUF
    BUFGCTRL_X0Y16       BUFG (Prop_bufg_I_O)         0.101     3.669 r  sys_clk_IBUF_BUFG_inst/O
                         net (fo=33, routed)          1.740     5.409    sys_clk_IBUF_BUFG
    SLICE_X43Y54         FDRE                                         r  led_internal_reg/C
  -------------------------------------------------------------------    -------------------
    SLICE_X43Y54         FDRE (Prop_fdre_C_Q)         0.456     5.865 r  led_internal_reg/Q
                         net (fo=2, routed)           1.676     7.541    led_out_OBUF
    M14                  OBUF (Prop_obuf_I_O)         3.531    11.072 r  led_out_OBUF_inst/O
                         net (fo=0)                   0.000    11.072    led_out
    M14                                                               r  led_out (OUT)
  -------------------------------------------------------------------    -------------------





Min Delay Paths
--------------------------------------------------------------------------------------
Slack:                    inf
  Source:                 led_internal_reg/C
                            (rising edge-triggered cell FDRE clocked by sys_clk_pin  {rise@0.000ns fall@4.000ns period=8.000ns})
  Destination:            led_out
                            (output port)
  Path Group:             (none)
  Path Type:              Min at Fast Process Corner
  Data Path Delay:        1.716ns  (logic 1.373ns (80.024%)  route 0.343ns (19.976%))
  Logic Levels:           1  (OBUF=1)
  Clock Uncertainty:      0.025ns  ((TSJ^2 + TIJ^2)^1/2 + DJ) / 2 + PE
    Total System Jitter     (TSJ):    0.050ns
    Total Input Jitter      (TIJ):    0.000ns
    Discrete Jitter          (DJ):    0.000ns
    Phase Error              (PE):    0.000ns

    Location             Delay type                Incr(ns)  Path(ns)    Netlist Resource(s)
  -------------------------------------------------------------------    -------------------
                         (clock sys_clk_pin rise edge)
                                                      0.000     0.000 r  
    K17                                               0.000     0.000 r  sys_clk (IN)
                         net (fo=0)                   0.000     0.000    sys_clk
    K17                  IBUF (Prop_ibuf_I_O)         0.259     0.259 r  sys_clk_IBUF_inst/O
                         net (fo=1, routed)           0.627     0.887    sys_clk_IBUF
    BUFGCTRL_X0Y16       BUFG (Prop_bufg_I_O)         0.026     0.913 r  sys_clk_IBUF_BUFG_inst/O
                         net (fo=33, routed)          0.588     1.500    sys_clk_IBUF_BUFG
    SLICE_X43Y54         FDRE                                         r  led_internal_reg/C
  -------------------------------------------------------------------    -------------------
    SLICE_X43Y54         FDRE (Prop_fdre_C_Q)         0.141     1.641 r  led_internal_reg/Q
                         net (fo=2, routed)           0.343     1.984    led_out_OBUF
    M14                  OBUF (Prop_obuf_I_O)         1.232     3.216 r  led_out_OBUF_inst/O
                         net (fo=0)                   0.000     3.216    led_out
    M14                                                               r  led_out (OUT)
  -------------------------------------------------------------------    -------------------





--------------------------------------------------------------------------------------
Path Group:  (none)
From Clock:  
  To Clock:  sys_clk_pin

Max Delay            33 Endpoints
Min Delay            33 Endpoints
--------------------------------------------------------------------------------------


Max Delay Paths
--------------------------------------------------------------------------------------
Slack:                    inf
  Source:                 rst
                            (input port)
  Destination:            clk_cnt_reg[28]/R
                            (rising edge-triggered cell FDRE clocked by sys_clk_pin  {rise@0.000ns fall@4.000ns period=8.000ns})
  Path Group:             (none)
  Path Type:              Setup (Max at Slow Process Corner)
  Data Path Delay:        4.669ns  (logic 1.613ns (34.547%)  route 3.056ns (65.453%))
  Logic Levels:           2  (IBUF=1 LUT6=1)
  Clock Path Skew:        4.954ns (DCD - SCD + CPR)
    Destination Clock Delay (DCD):    4.954ns
    Source Clock Delay      (SCD):    0.000ns
    Clock Pessimism Removal (CPR):    0.000ns
  Clock Uncertainty:      0.025ns  ((TSJ^2 + TIJ^2)^1/2 + DJ) / 2 + PE
    Total System Jitter     (TSJ):    0.050ns
    Total Input Jitter      (TIJ):    0.000ns
    Discrete Jitter          (DJ):    0.000ns
    Phase Error              (PE):    0.000ns

    Location             Delay type                Incr(ns)  Path(ns)    Netlist Resource(s)
  -------------------------------------------------------------------    -------------------
    K18                                               0.000     0.000 r  rst (IN)
                         net (fo=0)                   0.000     0.000    rst
    K18                  IBUF (Prop_ibuf_I_O)         1.489     1.489 r  rst_IBUF_inst/O
                         net (fo=2, routed)           2.165     3.654    rst_IBUF
    SLICE_X43Y54         LUT6 (Prop_lut6_I1_O)        0.124     3.778 r  clk_cnt[0]_i_1/O
                         net (fo=32, routed)          0.891     4.669    clk_cnt[0]_i_1_n_0
    SLICE_X42Y57         FDRE                                         r  clk_cnt_reg[28]/R
  -------------------------------------------------------------------    -------------------

                         (clock sys_clk_pin rise edge)
                                                      0.000     0.000 r  
    K17                                               0.000     0.000 r  sys_clk (IN)
                         net (fo=0)                   0.000     0.000    sys_clk
    K17                  IBUF (Prop_ibuf_I_O)         1.421     1.421 r  sys_clk_IBUF_inst/O
                         net (fo=1, routed)           1.880     3.301    sys_clk_IBUF
    BUFGCTRL_X0Y16       BUFG (Prop_bufg_I_O)         0.091     3.392 r  sys_clk_IBUF_BUFG_inst/O
                         net (fo=33, routed)          1.562     4.954    sys_clk_IBUF_BUFG
    SLICE_X42Y57         FDRE                                         r  clk_cnt_reg[28]/C

Slack:                    inf
  Source:                 rst
                            (input port)
  Destination:            clk_cnt_reg[29]/R
                            (rising edge-triggered cell FDRE clocked by sys_clk_pin  {rise@0.000ns fall@4.000ns period=8.000ns})
  Path Group:             (none)
  Path Type:              Setup (Max at Slow Process Corner)
  Data Path Delay:        4.669ns  (logic 1.613ns (34.547%)  route 3.056ns (65.453%))
  Logic Levels:           2  (IBUF=1 LUT6=1)
  Clock Path Skew:        4.954ns (DCD - SCD + CPR)
    Destination Clock Delay (DCD):    4.954ns
    Source Clock Delay      (SCD):    0.000ns
    Clock Pessimism Removal (CPR):    0.000ns
  Clock Uncertainty:      0.025ns  ((TSJ^2 + TIJ^2)^1/2 + DJ) / 2 + PE
    Total System Jitter     (TSJ):    0.050ns
    Total Input Jitter      (TIJ):    0.000ns
    Discrete Jitter          (DJ):    0.000ns
    Phase Error              (PE):    0.000ns

    Location             Delay type                Incr(ns)  Path(ns)    Netlist Resource(s)
  -------------------------------------------------------------------    -------------------
    K18                                               0.000     0.000 r  rst (IN)
                         net (fo=0)                   0.000     0.000    rst
    K18                  IBUF (Prop_ibuf_I_O)         1.489     1.489 r  rst_IBUF_inst/O
                         net (fo=2, routed)           2.165     3.654    rst_IBUF
    SLICE_X43Y54         LUT6 (Prop_lut6_I1_O)        0.124     3.778 r  clk_cnt[0]_i_1/O
                         net (fo=32, routed)          0.891     4.669    clk_cnt[0]_i_1_n_0
    SLICE_X42Y57         FDRE                                         r  clk_cnt_reg[29]/R
  -------------------------------------------------------------------    -------------------

                         (clock sys_clk_pin rise edge)
                                                      0.000     0.000 r  
    K17                                               0.000     0.000 r  sys_clk (IN)
                         net (fo=0)                   0.000     0.000    sys_clk
    K17                  IBUF (Prop_ibuf_I_O)         1.421     1.421 r  sys_clk_IBUF_inst/O
                         net (fo=1, routed)           1.880     3.301    sys_clk_IBUF
    BUFGCTRL_X0Y16       BUFG (Prop_bufg_I_O)         0.091     3.392 r  sys_clk_IBUF_BUFG_inst/O
                         net (fo=33, routed)          1.562     4.954    sys_clk_IBUF_BUFG
    SLICE_X42Y57         FDRE                                         r  clk_cnt_reg[29]/C

Slack:                    inf
  Source:                 rst
                            (input port)
  Destination:            clk_cnt_reg[30]/R
                            (rising edge-triggered cell FDRE clocked by sys_clk_pin  {rise@0.000ns fall@4.000ns period=8.000ns})
  Path Group:             (none)
  Path Type:              Setup (Max at Slow Process Corner)
  Data Path Delay:        4.669ns  (logic 1.613ns (34.547%)  route 3.056ns (65.453%))
  Logic Levels:           2  (IBUF=1 LUT6=1)
  Clock Path Skew:        4.954ns (DCD - SCD + CPR)
    Destination Clock Delay (DCD):    4.954ns
    Source Clock Delay      (SCD):    0.000ns
    Clock Pessimism Removal (CPR):    0.000ns
  Clock Uncertainty:      0.025ns  ((TSJ^2 + TIJ^2)^1/2 + DJ) / 2 + PE
    Total System Jitter     (TSJ):    0.050ns
    Total Input Jitter      (TIJ):    0.000ns
    Discrete Jitter          (DJ):    0.000ns
    Phase Error              (PE):    0.000ns

    Location             Delay type                Incr(ns)  Path(ns)    Netlist Resource(s)
  -------------------------------------------------------------------    -------------------
    K18                                               0.000     0.000 r  rst (IN)
                         net (fo=0)                   0.000     0.000    rst
    K18                  IBUF (Prop_ibuf_I_O)         1.489     1.489 r  rst_IBUF_inst/O
                         net (fo=2, routed)           2.165     3.654    rst_IBUF
    SLICE_X43Y54         LUT6 (Prop_lut6_I1_O)        0.124     3.778 r  clk_cnt[0]_i_1/O
                         net (fo=32, routed)          0.891     4.669    clk_cnt[0]_i_1_n_0
    SLICE_X42Y57         FDRE                                         r  clk_cnt_reg[30]/R
  -------------------------------------------------------------------    -------------------

                         (clock sys_clk_pin rise edge)
                                                      0.000     0.000 r  
    K17                                               0.000     0.000 r  sys_clk (IN)
                         net (fo=0)                   0.000     0.000    sys_clk
    K17                  IBUF (Prop_ibuf_I_O)         1.421     1.421 r  sys_clk_IBUF_inst/O
                         net (fo=1, routed)           1.880     3.301    sys_clk_IBUF
    BUFGCTRL_X0Y16       BUFG (Prop_bufg_I_O)         0.091     3.392 r  sys_clk_IBUF_BUFG_inst/O
                         net (fo=33, routed)          1.562     4.954    sys_clk_IBUF_BUFG
    SLICE_X42Y57         FDRE                                         r  clk_cnt_reg[30]/C

Slack:                    inf
  Source:                 rst
                            (input port)
  Destination:            clk_cnt_reg[31]/R
                            (rising edge-triggered cell FDRE clocked by sys_clk_pin  {rise@0.000ns fall@4.000ns period=8.000ns})
  Path Group:             (none)
  Path Type:              Setup (Max at Slow Process Corner)
  Data Path Delay:        4.669ns  (logic 1.613ns (34.547%)  route 3.056ns (65.453%))
  Logic Levels:           2  (IBUF=1 LUT6=1)
  Clock Path Skew:        4.954ns (DCD - SCD + CPR)
    Destination Clock Delay (DCD):    4.954ns
    Source Clock Delay      (SCD):    0.000ns
    Clock Pessimism Removal (CPR):    0.000ns
  Clock Uncertainty:      0.025ns  ((TSJ^2 + TIJ^2)^1/2 + DJ) / 2 + PE
    Total System Jitter     (TSJ):    0.050ns
    Total Input Jitter      (TIJ):    0.000ns
    Discrete Jitter          (DJ):    0.000ns
    Phase Error              (PE):    0.000ns

    Location             Delay type                Incr(ns)  Path(ns)    Netlist Resource(s)
  -------------------------------------------------------------------    -------------------
    K18                                               0.000     0.000 r  rst (IN)
                         net (fo=0)                   0.000     0.000    rst
    K18                  IBUF (Prop_ibuf_I_O)         1.489     1.489 r  rst_IBUF_inst/O
                         net (fo=2, routed)           2.165     3.654    rst_IBUF
    SLICE_X43Y54         LUT6 (Prop_lut6_I1_O)        0.124     3.778 r  clk_cnt[0]_i_1/O
                         net (fo=32, routed)          0.891     4.669    clk_cnt[0]_i_1_n_0
    SLICE_X42Y57         FDRE                                         r  clk_cnt_reg[31]/R
  -------------------------------------------------------------------    -------------------

                         (clock sys_clk_pin rise edge)
                                                      0.000     0.000 r  
    K17                                               0.000     0.000 r  sys_clk (IN)
                         net (fo=0)                   0.000     0.000    sys_clk
    K17                  IBUF (Prop_ibuf_I_O)         1.421     1.421 r  sys_clk_IBUF_inst/O
                         net (fo=1, routed)           1.880     3.301    sys_clk_IBUF
    BUFGCTRL_X0Y16       BUFG (Prop_bufg_I_O)         0.091     3.392 r  sys_clk_IBUF_BUFG_inst/O
                         net (fo=33, routed)          1.562     4.954    sys_clk_IBUF_BUFG
    SLICE_X42Y57         FDRE                                         r  clk_cnt_reg[31]/C

Slack:                    inf
  Source:                 rst
                            (input port)
  Destination:            clk_cnt_reg[0]/R
                            (rising edge-triggered cell FDRE clocked by sys_clk_pin  {rise@0.000ns fall@4.000ns period=8.000ns})
  Path Group:             (none)
  Path Type:              Setup (Max at Slow Process Corner)
  Data Path Delay:        4.593ns  (logic 1.613ns (35.118%)  route 2.980ns (64.882%))
  Logic Levels:           2  (IBUF=1 LUT6=1)
  Clock Path Skew:        4.956ns (DCD - SCD + CPR)
    Destination Clock Delay (DCD):    4.956ns
    Source Clock Delay      (SCD):    0.000ns
    Clock Pessimism Removal (CPR):    0.000ns
  Clock Uncertainty:      0.025ns  ((TSJ^2 + TIJ^2)^1/2 + DJ) / 2 + PE
    Total System Jitter     (TSJ):    0.050ns
    Total Input Jitter      (TIJ):    0.000ns
    Discrete Jitter          (DJ):    0.000ns
    Phase Error              (PE):    0.000ns

    Location             Delay type                Incr(ns)  Path(ns)    Netlist Resource(s)
  -------------------------------------------------------------------    -------------------
    K18                                               0.000     0.000 r  rst (IN)
                         net (fo=0)                   0.000     0.000    rst
    K18                  IBUF (Prop_ibuf_I_O)         1.489     1.489 r  rst_IBUF_inst/O
                         net (fo=2, routed)           2.165     3.654    rst_IBUF
    SLICE_X43Y54         LUT6 (Prop_lut6_I1_O)        0.124     3.778 r  clk_cnt[0]_i_1/O
                         net (fo=32, routed)          0.815     4.593    clk_cnt[0]_i_1_n_0
    SLICE_X42Y50         FDRE                                         r  clk_cnt_reg[0]/R
  -------------------------------------------------------------------    -------------------

                         (clock sys_clk_pin rise edge)
                                                      0.000     0.000 r  
    K17                                               0.000     0.000 r  sys_clk (IN)
                         net (fo=0)                   0.000     0.000    sys_clk
    K17                  IBUF (Prop_ibuf_I_O)         1.421     1.421 r  sys_clk_IBUF_inst/O
                         net (fo=1, routed)           1.880     3.301    sys_clk_IBUF
    BUFGCTRL_X0Y16       BUFG (Prop_bufg_I_O)         0.091     3.392 r  sys_clk_IBUF_BUFG_inst/O
                         net (fo=33, routed)          1.564     4.956    sys_clk_IBUF_BUFG
    SLICE_X42Y50         FDRE                                         r  clk_cnt_reg[0]/C

Slack:                    inf
  Source:                 rst
                            (input port)
  Destination:            clk_cnt_reg[1]/R
                            (rising edge-triggered cell FDRE clocked by sys_clk_pin  {rise@0.000ns fall@4.000ns period=8.000ns})
  Path Group:             (none)
  Path Type:              Setup (Max at Slow Process Corner)
  Data Path Delay:        4.593ns  (logic 1.613ns (35.118%)  route 2.980ns (64.882%))
  Logic Levels:           2  (IBUF=1 LUT6=1)
  Clock Path Skew:        4.956ns (DCD - SCD + CPR)
    Destination Clock Delay (DCD):    4.956ns
    Source Clock Delay      (SCD):    0.000ns
    Clock Pessimism Removal (CPR):    0.000ns
  Clock Uncertainty:      0.025ns  ((TSJ^2 + TIJ^2)^1/2 + DJ) / 2 + PE
    Total System Jitter     (TSJ):    0.050ns
    Total Input Jitter      (TIJ):    0.000ns
    Discrete Jitter          (DJ):    0.000ns
    Phase Error              (PE):    0.000ns

    Location             Delay type                Incr(ns)  Path(ns)    Netlist Resource(s)
  -------------------------------------------------------------------    -------------------
    K18                                               0.000     0.000 r  rst (IN)
                         net (fo=0)                   0.000     0.000    rst
    K18                  IBUF (Prop_ibuf_I_O)         1.489     1.489 r  rst_IBUF_inst/O
                         net (fo=2, routed)           2.165     3.654    rst_IBUF
    SLICE_X43Y54         LUT6 (Prop_lut6_I1_O)        0.124     3.778 r  clk_cnt[0]_i_1/O
                         net (fo=32, routed)          0.815     4.593    clk_cnt[0]_i_1_n_0
    SLICE_X42Y50         FDRE                                         r  clk_cnt_reg[1]/R
  -------------------------------------------------------------------    -------------------

                         (clock sys_clk_pin rise edge)
                                                      0.000     0.000 r  
    K17                                               0.000     0.000 r  sys_clk (IN)
                         net (fo=0)                   0.000     0.000    sys_clk
    K17                  IBUF (Prop_ibuf_I_O)         1.421     1.421 r  sys_clk_IBUF_inst/O
                         net (fo=1, routed)           1.880     3.301    sys_clk_IBUF
    BUFGCTRL_X0Y16       BUFG (Prop_bufg_I_O)         0.091     3.392 r  sys_clk_IBUF_BUFG_inst/O
                         net (fo=33, routed)          1.564     4.956    sys_clk_IBUF_BUFG
    SLICE_X42Y50         FDRE                                         r  clk_cnt_reg[1]/C

Slack:                    inf
  Source:                 rst
                            (input port)
  Destination:            clk_cnt_reg[2]/R
                            (rising edge-triggered cell FDRE clocked by sys_clk_pin  {rise@0.000ns fall@4.000ns period=8.000ns})
  Path Group:             (none)
  Path Type:              Setup (Max at Slow Process Corner)
  Data Path Delay:        4.593ns  (logic 1.613ns (35.118%)  route 2.980ns (64.882%))
  Logic Levels:           2  (IBUF=1 LUT6=1)
  Clock Path Skew:        4.956ns (DCD - SCD + CPR)
    Destination Clock Delay (DCD):    4.956ns
    Source Clock Delay      (SCD):    0.000ns
    Clock Pessimism Removal (CPR):    0.000ns
  Clock Uncertainty:      0.025ns  ((TSJ^2 + TIJ^2)^1/2 + DJ) / 2 + PE
    Total System Jitter     (TSJ):    0.050ns
    Total Input Jitter      (TIJ):    0.000ns
    Discrete Jitter          (DJ):    0.000ns
    Phase Error              (PE):    0.000ns

    Location             Delay type                Incr(ns)  Path(ns)    Netlist Resource(s)
  -------------------------------------------------------------------    -------------------
    K18                                               0.000     0.000 r  rst (IN)
                         net (fo=0)                   0.000     0.000    rst
    K18                  IBUF (Prop_ibuf_I_O)         1.489     1.489 r  rst_IBUF_inst/O
                         net (fo=2, routed)           2.165     3.654    rst_IBUF
    SLICE_X43Y54         LUT6 (Prop_lut6_I1_O)        0.124     3.778 r  clk_cnt[0]_i_1/O
                         net (fo=32, routed)          0.815     4.593    clk_cnt[0]_i_1_n_0
    SLICE_X42Y50         FDRE                                         r  clk_cnt_reg[2]/R
  -------------------------------------------------------------------    -------------------

                         (clock sys_clk_pin rise edge)
                                                      0.000     0.000 r  
    K17                                               0.000     0.000 r  sys_clk (IN)
                         net (fo=0)                   0.000     0.000    sys_clk
    K17                  IBUF (Prop_ibuf_I_O)         1.421     1.421 r  sys_clk_IBUF_inst/O
                         net (fo=1, routed)           1.880     3.301    sys_clk_IBUF
    BUFGCTRL_X0Y16       BUFG (Prop_bufg_I_O)         0.091     3.392 r  sys_clk_IBUF_BUFG_inst/O
                         net (fo=33, routed)          1.564     4.956    sys_clk_IBUF_BUFG
    SLICE_X42Y50         FDRE                                         r  clk_cnt_reg[2]/C

Slack:                    inf
  Source:                 rst
                            (input port)
  Destination:            clk_cnt_reg[3]/R
                            (rising edge-triggered cell FDRE clocked by sys_clk_pin  {rise@0.000ns fall@4.000ns period=8.000ns})
  Path Group:             (none)
  Path Type:              Setup (Max at Slow Process Corner)
  Data Path Delay:        4.593ns  (logic 1.613ns (35.118%)  route 2.980ns (64.882%))
  Logic Levels:           2  (IBUF=1 LUT6=1)
  Clock Path Skew:        4.956ns (DCD - SCD + CPR)
    Destination Clock Delay (DCD):    4.956ns
    Source Clock Delay      (SCD):    0.000ns
    Clock Pessimism Removal (CPR):    0.000ns
  Clock Uncertainty:      0.025ns  ((TSJ^2 + TIJ^2)^1/2 + DJ) / 2 + PE
    Total System Jitter     (TSJ):    0.050ns
    Total Input Jitter      (TIJ):    0.000ns
    Discrete Jitter          (DJ):    0.000ns
    Phase Error              (PE):    0.000ns

    Location             Delay type                Incr(ns)  Path(ns)    Netlist Resource(s)
  -------------------------------------------------------------------    -------------------
    K18                                               0.000     0.000 r  rst (IN)
                         net (fo=0)                   0.000     0.000    rst
    K18                  IBUF (Prop_ibuf_I_O)         1.489     1.489 r  rst_IBUF_inst/O
                         net (fo=2, routed)           2.165     3.654    rst_IBUF
    SLICE_X43Y54         LUT6 (Prop_lut6_I1_O)        0.124     3.778 r  clk_cnt[0]_i_1/O
                         net (fo=32, routed)          0.815     4.593    clk_cnt[0]_i_1_n_0
    SLICE_X42Y50         FDRE                                         r  clk_cnt_reg[3]/R
  -------------------------------------------------------------------    -------------------

                         (clock sys_clk_pin rise edge)
                                                      0.000     0.000 r  
    K17                                               0.000     0.000 r  sys_clk (IN)
                         net (fo=0)                   0.000     0.000    sys_clk
    K17                  IBUF (Prop_ibuf_I_O)         1.421     1.421 r  sys_clk_IBUF_inst/O
                         net (fo=1, routed)           1.880     3.301    sys_clk_IBUF
    BUFGCTRL_X0Y16       BUFG (Prop_bufg_I_O)         0.091     3.392 r  sys_clk_IBUF_BUFG_inst/O
                         net (fo=33, routed)          1.564     4.956    sys_clk_IBUF_BUFG
    SLICE_X42Y50         FDRE                                         r  clk_cnt_reg[3]/C

Slack:                    inf
  Source:                 rst
                            (input port)
  Destination:            clk_cnt_reg[24]/R
                            (rising edge-triggered cell FDRE clocked by sys_clk_pin  {rise@0.000ns fall@4.000ns period=8.000ns})
  Path Group:             (none)
  Path Type:              Setup (Max at Slow Process Corner)
  Data Path Delay:        4.530ns  (logic 1.613ns (35.602%)  route 2.917ns (64.398%))
  Logic Levels:           2  (IBUF=1 LUT6=1)
  Clock Path Skew:        4.955ns (DCD - SCD + CPR)
    Destination Clock Delay (DCD):    4.955ns
    Source Clock Delay      (SCD):    0.000ns
    Clock Pessimism Removal (CPR):    0.000ns
  Clock Uncertainty:      0.025ns  ((TSJ^2 + TIJ^2)^1/2 + DJ) / 2 + PE
    Total System Jitter     (TSJ):    0.050ns
    Total Input Jitter      (TIJ):    0.000ns
    Discrete Jitter          (DJ):    0.000ns
    Phase Error              (PE):    0.000ns

    Location             Delay type                Incr(ns)  Path(ns)    Netlist Resource(s)
  -------------------------------------------------------------------    -------------------
    K18                                               0.000     0.000 r  rst (IN)
                         net (fo=0)                   0.000     0.000    rst
    K18                  IBUF (Prop_ibuf_I_O)         1.489     1.489 r  rst_IBUF_inst/O
                         net (fo=2, routed)           2.165     3.654    rst_IBUF
    SLICE_X43Y54         LUT6 (Prop_lut6_I1_O)        0.124     3.778 r  clk_cnt[0]_i_1/O
                         net (fo=32, routed)          0.752     4.530    clk_cnt[0]_i_1_n_0
    SLICE_X42Y56         FDRE                                         r  clk_cnt_reg[24]/R
  -------------------------------------------------------------------    -------------------

                         (clock sys_clk_pin rise edge)
                                                      0.000     0.000 r  
    K17                                               0.000     0.000 r  sys_clk (IN)
                         net (fo=0)                   0.000     0.000    sys_clk
    K17                  IBUF (Prop_ibuf_I_O)         1.421     1.421 r  sys_clk_IBUF_inst/O
                         net (fo=1, routed)           1.880     3.301    sys_clk_IBUF
    BUFGCTRL_X0Y16       BUFG (Prop_bufg_I_O)         0.091     3.392 r  sys_clk_IBUF_BUFG_inst/O
                         net (fo=33, routed)          1.563     4.955    sys_clk_IBUF_BUFG
    SLICE_X42Y56         FDRE                                         r  clk_cnt_reg[24]/C

Slack:                    inf
  Source:                 rst
                            (input port)
  Destination:            clk_cnt_reg[25]/R
                            (rising edge-triggered cell FDRE clocked by sys_clk_pin  {rise@0.000ns fall@4.000ns period=8.000ns})
  Path Group:             (none)
  Path Type:              Setup (Max at Slow Process Corner)
  Data Path Delay:        4.530ns  (logic 1.613ns (35.602%)  route 2.917ns (64.398%))
  Logic Levels:           2  (IBUF=1 LUT6=1)
  Clock Path Skew:        4.955ns (DCD - SCD + CPR)
    Destination Clock Delay (DCD):    4.955ns
    Source Clock Delay      (SCD):    0.000ns
    Clock Pessimism Removal (CPR):    0.000ns
  Clock Uncertainty:      0.025ns  ((TSJ^2 + TIJ^2)^1/2 + DJ) / 2 + PE
    Total System Jitter     (TSJ):    0.050ns
    Total Input Jitter      (TIJ):    0.000ns
    Discrete Jitter          (DJ):    0.000ns
    Phase Error              (PE):    0.000ns

    Location             Delay type                Incr(ns)  Path(ns)    Netlist Resource(s)
  -------------------------------------------------------------------    -------------------
    K18                                               0.000     0.000 r  rst (IN)
                         net (fo=0)                   0.000     0.000    rst
    K18                  IBUF (Prop_ibuf_I_O)         1.489     1.489 r  rst_IBUF_inst/O
                         net (fo=2, routed)           2.165     3.654    rst_IBUF
    SLICE_X43Y54         LUT6 (Prop_lut6_I1_O)        0.124     3.778 r  clk_cnt[0]_i_1/O
                         net (fo=32, routed)          0.752     4.530    clk_cnt[0]_i_1_n_0
    SLICE_X42Y56         FDRE                                         r  clk_cnt_reg[25]/R
  -------------------------------------------------------------------    -------------------

                         (clock sys_clk_pin rise edge)
                                                      0.000     0.000 r  
    K17                                               0.000     0.000 r  sys_clk (IN)
                         net (fo=0)                   0.000     0.000    sys_clk
    K17                  IBUF (Prop_ibuf_I_O)         1.421     1.421 r  sys_clk_IBUF_inst/O
                         net (fo=1, routed)           1.880     3.301    sys_clk_IBUF
    BUFGCTRL_X0Y16       BUFG (Prop_bufg_I_O)         0.091     3.392 r  sys_clk_IBUF_BUFG_inst/O
                         net (fo=33, routed)          1.563     4.955    sys_clk_IBUF_BUFG
    SLICE_X42Y56         FDRE                                         r  clk_cnt_reg[25]/C





Min Delay Paths
--------------------------------------------------------------------------------------
Slack:                    inf
  Source:                 led_en
                            (input port)
  Destination:            clk_cnt_reg[12]/R
                            (rising edge-triggered cell FDRE clocked by sys_clk_pin  {rise@0.000ns fall@4.000ns period=8.000ns})
  Path Group:             (none)
  Path Type:              Hold (Min at Fast Process Corner)
  Data Path Delay:        1.005ns  (logic 0.265ns (26.421%)  route 0.739ns (73.579%))
  Logic Levels:           2  (IBUF=1 LUT6=1)
  Clock Path Skew:        2.017ns (DCD - SCD - CPR)
    Destination Clock Delay (DCD):    2.017ns
    Source Clock Delay      (SCD):    0.000ns
    Clock Pessimism Removal (CPR):    -0.000ns

    Location             Delay type                Incr(ns)  Path(ns)    Netlist Resource(s)
  -------------------------------------------------------------------    -------------------
    G15                                               0.000     0.000 f  led_en (IN)
                         net (fo=0)                   0.000     0.000    led_en
    G15                  IBUF (Prop_ibuf_I_O)         0.220     0.220 f  led_en_IBUF_inst/O
                         net (fo=2, routed)           0.599     0.820    led_en_IBUF
    SLICE_X43Y54         LUT6 (Prop_lut6_I0_O)        0.045     0.865 r  clk_cnt[0]_i_1/O
                         net (fo=32, routed)          0.140     1.005    clk_cnt[0]_i_1_n_0
    SLICE_X42Y53         FDRE                                         r  clk_cnt_reg[12]/R
  -------------------------------------------------------------------    -------------------

                         (clock sys_clk_pin rise edge)
                                                      0.000     0.000 r  
    K17                                               0.000     0.000 r  sys_clk (IN)
                         net (fo=0)                   0.000     0.000    sys_clk
    K17                  IBUF (Prop_ibuf_I_O)         0.447     0.447 r  sys_clk_IBUF_inst/O
                         net (fo=1, routed)           0.683     1.130    sys_clk_IBUF
    BUFGCTRL_X0Y16       BUFG (Prop_bufg_I_O)         0.029     1.159 r  sys_clk_IBUF_BUFG_inst/O
                         net (fo=33, routed)          0.858     2.017    sys_clk_IBUF_BUFG
    SLICE_X42Y53         FDRE                                         r  clk_cnt_reg[12]/C

Slack:                    inf
  Source:                 led_en
                            (input port)
  Destination:            clk_cnt_reg[13]/R
                            (rising edge-triggered cell FDRE clocked by sys_clk_pin  {rise@0.000ns fall@4.000ns period=8.000ns})
  Path Group:             (none)
  Path Type:              Hold (Min at Fast Process Corner)
  Data Path Delay:        1.005ns  (logic 0.265ns (26.421%)  route 0.739ns (73.579%))
  Logic Levels:           2  (IBUF=1 LUT6=1)
  Clock Path Skew:        2.017ns (DCD - SCD - CPR)
    Destination Clock Delay (DCD):    2.017ns
    Source Clock Delay      (SCD):    0.000ns
    Clock Pessimism Removal (CPR):    -0.000ns

    Location             Delay type                Incr(ns)  Path(ns)    Netlist Resource(s)
  -------------------------------------------------------------------    -------------------
    G15                                               0.000     0.000 f  led_en (IN)
                         net (fo=0)                   0.000     0.000    led_en
    G15                  IBUF (Prop_ibuf_I_O)         0.220     0.220 f  led_en_IBUF_inst/O
                         net (fo=2, routed)           0.599     0.820    led_en_IBUF
    SLICE_X43Y54         LUT6 (Prop_lut6_I0_O)        0.045     0.865 r  clk_cnt[0]_i_1/O
                         net (fo=32, routed)          0.140     1.005    clk_cnt[0]_i_1_n_0
    SLICE_X42Y53         FDRE                                         r  clk_cnt_reg[13]/R
  -------------------------------------------------------------------    -------------------

                         (clock sys_clk_pin rise edge)
                                                      0.000     0.000 r  
    K17                                               0.000     0.000 r  sys_clk (IN)
                         net (fo=0)                   0.000     0.000    sys_clk
    K17                  IBUF (Prop_ibuf_I_O)         0.447     0.447 r  sys_clk_IBUF_inst/O
                         net (fo=1, routed)           0.683     1.130    sys_clk_IBUF
    BUFGCTRL_X0Y16       BUFG (Prop_bufg_I_O)         0.029     1.159 r  sys_clk_IBUF_BUFG_inst/O
                         net (fo=33, routed)          0.858     2.017    sys_clk_IBUF_BUFG
    SLICE_X42Y53         FDRE                                         r  clk_cnt_reg[13]/C

Slack:                    inf
  Source:                 led_en
                            (input port)
  Destination:            clk_cnt_reg[14]/R
                            (rising edge-triggered cell FDRE clocked by sys_clk_pin  {rise@0.000ns fall@4.000ns period=8.000ns})
  Path Group:             (none)
  Path Type:              Hold (Min at Fast Process Corner)
  Data Path Delay:        1.005ns  (logic 0.265ns (26.421%)  route 0.739ns (73.579%))
  Logic Levels:           2  (IBUF=1 LUT6=1)
  Clock Path Skew:        2.017ns (DCD - SCD - CPR)
    Destination Clock Delay (DCD):    2.017ns
    Source Clock Delay      (SCD):    0.000ns
    Clock Pessimism Removal (CPR):    -0.000ns

    Location             Delay type                Incr(ns)  Path(ns)    Netlist Resource(s)
  -------------------------------------------------------------------    -------------------
    G15                                               0.000     0.000 f  led_en (IN)
                         net (fo=0)                   0.000     0.000    led_en
    G15                  IBUF (Prop_ibuf_I_O)         0.220     0.220 f  led_en_IBUF_inst/O
                         net (fo=2, routed)           0.599     0.820    led_en_IBUF
    SLICE_X43Y54         LUT6 (Prop_lut6_I0_O)        0.045     0.865 r  clk_cnt[0]_i_1/O
                         net (fo=32, routed)          0.140     1.005    clk_cnt[0]_i_1_n_0
    SLICE_X42Y53         FDRE                                         r  clk_cnt_reg[14]/R
  -------------------------------------------------------------------    -------------------

                         (clock sys_clk_pin rise edge)
                                                      0.000     0.000 r  
    K17                                               0.000     0.000 r  sys_clk (IN)
                         net (fo=0)                   0.000     0.000    sys_clk
    K17                  IBUF (Prop_ibuf_I_O)         0.447     0.447 r  sys_clk_IBUF_inst/O
                         net (fo=1, routed)           0.683     1.130    sys_clk_IBUF
    BUFGCTRL_X0Y16       BUFG (Prop_bufg_I_O)         0.029     1.159 r  sys_clk_IBUF_BUFG_inst/O
                         net (fo=33, routed)          0.858     2.017    sys_clk_IBUF_BUFG
    SLICE_X42Y53         FDRE                                         r  clk_cnt_reg[14]/C

Slack:                    inf
  Source:                 led_en
                            (input port)
  Destination:            clk_cnt_reg[15]/R
                            (rising edge-triggered cell FDRE clocked by sys_clk_pin  {rise@0.000ns fall@4.000ns period=8.000ns})
  Path Group:             (none)
  Path Type:              Hold (Min at Fast Process Corner)
  Data Path Delay:        1.005ns  (logic 0.265ns (26.421%)  route 0.739ns (73.579%))
  Logic Levels:           2  (IBUF=1 LUT6=1)
  Clock Path Skew:        2.017ns (DCD - SCD - CPR)
    Destination Clock Delay (DCD):    2.017ns
    Source Clock Delay      (SCD):    0.000ns
    Clock Pessimism Removal (CPR):    -0.000ns

    Location             Delay type                Incr(ns)  Path(ns)    Netlist Resource(s)
  -------------------------------------------------------------------    -------------------
    G15                                               0.000     0.000 f  led_en (IN)
                         net (fo=0)                   0.000     0.000    led_en
    G15                  IBUF (Prop_ibuf_I_O)         0.220     0.220 f  led_en_IBUF_inst/O
                         net (fo=2, routed)           0.599     0.820    led_en_IBUF
    SLICE_X43Y54         LUT6 (Prop_lut6_I0_O)        0.045     0.865 r  clk_cnt[0]_i_1/O
                         net (fo=32, routed)          0.140     1.005    clk_cnt[0]_i_1_n_0
    SLICE_X42Y53         FDRE                                         r  clk_cnt_reg[15]/R
  -------------------------------------------------------------------    -------------------

                         (clock sys_clk_pin rise edge)
                                                      0.000     0.000 r  
    K17                                               0.000     0.000 r  sys_clk (IN)
                         net (fo=0)                   0.000     0.000    sys_clk
    K17                  IBUF (Prop_ibuf_I_O)         0.447     0.447 r  sys_clk_IBUF_inst/O
                         net (fo=1, routed)           0.683     1.130    sys_clk_IBUF
    BUFGCTRL_X0Y16       BUFG (Prop_bufg_I_O)         0.029     1.159 r  sys_clk_IBUF_BUFG_inst/O
                         net (fo=33, routed)          0.858     2.017    sys_clk_IBUF_BUFG
    SLICE_X42Y53         FDRE                                         r  clk_cnt_reg[15]/C

Slack:                    inf
  Source:                 led_en
                            (input port)
  Destination:            clk_cnt_reg[10]/R
                            (rising edge-triggered cell FDRE clocked by sys_clk_pin  {rise@0.000ns fall@4.000ns period=8.000ns})
  Path Group:             (none)
  Path Type:              Hold (Min at Fast Process Corner)
  Data Path Delay:        1.069ns  (logic 0.265ns (24.845%)  route 0.803ns (75.155%))
  Logic Levels:           2  (IBUF=1 LUT6=1)
  Clock Path Skew:        2.018ns (DCD - SCD - CPR)
    Destination Clock Delay (DCD):    2.018ns
    Source Clock Delay      (SCD):    0.000ns
    Clock Pessimism Removal (CPR):    -0.000ns

    Location             Delay type                Incr(ns)  Path(ns)    Netlist Resource(s)
  -------------------------------------------------------------------    -------------------
    G15                                               0.000     0.000 f  led_en (IN)
                         net (fo=0)                   0.000     0.000    led_en
    G15                  IBUF (Prop_ibuf_I_O)         0.220     0.220 f  led_en_IBUF_inst/O
                         net (fo=2, routed)           0.599     0.820    led_en_IBUF
    SLICE_X43Y54         LUT6 (Prop_lut6_I0_O)        0.045     0.865 r  clk_cnt[0]_i_1/O
                         net (fo=32, routed)          0.204     1.069    clk_cnt[0]_i_1_n_0
    SLICE_X42Y52         FDRE                                         r  clk_cnt_reg[10]/R
  -------------------------------------------------------------------    -------------------

                         (clock sys_clk_pin rise edge)
                                                      0.000     0.000 r  
    K17                                               0.000     0.000 r  sys_clk (IN)
                         net (fo=0)                   0.000     0.000    sys_clk
    K17                  IBUF (Prop_ibuf_I_O)         0.447     0.447 r  sys_clk_IBUF_inst/O
                         net (fo=1, routed)           0.683     1.130    sys_clk_IBUF
    BUFGCTRL_X0Y16       BUFG (Prop_bufg_I_O)         0.029     1.159 r  sys_clk_IBUF_BUFG_inst/O
                         net (fo=33, routed)          0.859     2.018    sys_clk_IBUF_BUFG
    SLICE_X42Y52         FDRE                                         r  clk_cnt_reg[10]/C

Slack:                    inf
  Source:                 led_en
                            (input port)
  Destination:            clk_cnt_reg[11]/R
                            (rising edge-triggered cell FDRE clocked by sys_clk_pin  {rise@0.000ns fall@4.000ns period=8.000ns})
  Path Group:             (none)
  Path Type:              Hold (Min at Fast Process Corner)
  Data Path Delay:        1.069ns  (logic 0.265ns (24.845%)  route 0.803ns (75.155%))
  Logic Levels:           2  (IBUF=1 LUT6=1)
  Clock Path Skew:        2.018ns (DCD - SCD - CPR)
    Destination Clock Delay (DCD):    2.018ns
    Source Clock Delay      (SCD):    0.000ns
    Clock Pessimism Removal (CPR):    -0.000ns

    Location             Delay type                Incr(ns)  Path(ns)    Netlist Resource(s)
  -------------------------------------------------------------------    -------------------
    G15                                               0.000     0.000 f  led_en (IN)
                         net (fo=0)                   0.000     0.000    led_en
    G15                  IBUF (Prop_ibuf_I_O)         0.220     0.220 f  led_en_IBUF_inst/O
                         net (fo=2, routed)           0.599     0.820    led_en_IBUF
    SLICE_X43Y54         LUT6 (Prop_lut6_I0_O)        0.045     0.865 r  clk_cnt[0]_i_1/O
                         net (fo=32, routed)          0.204     1.069    clk_cnt[0]_i_1_n_0
    SLICE_X42Y52         FDRE                                         r  clk_cnt_reg[11]/R
  -------------------------------------------------------------------    -------------------

                         (clock sys_clk_pin rise edge)
                                                      0.000     0.000 r  
    K17                                               0.000     0.000 r  sys_clk (IN)
                         net (fo=0)                   0.000     0.000    sys_clk
    K17                  IBUF (Prop_ibuf_I_O)         0.447     0.447 r  sys_clk_IBUF_inst/O
                         net (fo=1, routed)           0.683     1.130    sys_clk_IBUF
    BUFGCTRL_X0Y16       BUFG (Prop_bufg_I_O)         0.029     1.159 r  sys_clk_IBUF_BUFG_inst/O
                         net (fo=33, routed)          0.859     2.018    sys_clk_IBUF_BUFG
    SLICE_X42Y52         FDRE                                         r  clk_cnt_reg[11]/C

Slack:                    inf
  Source:                 led_en
                            (input port)
  Destination:            clk_cnt_reg[8]/R
                            (rising edge-triggered cell FDRE clocked by sys_clk_pin  {rise@0.000ns fall@4.000ns period=8.000ns})
  Path Group:             (none)
  Path Type:              Hold (Min at Fast Process Corner)
  Data Path Delay:        1.069ns  (logic 0.265ns (24.845%)  route 0.803ns (75.155%))
  Logic Levels:           2  (IBUF=1 LUT6=1)
  Clock Path Skew:        2.018ns (DCD - SCD - CPR)
    Destination Clock Delay (DCD):    2.018ns
    Source Clock Delay      (SCD):    0.000ns
    Clock Pessimism Removal (CPR):    -0.000ns

    Location             Delay type                Incr(ns)  Path(ns)    Netlist Resource(s)
  -------------------------------------------------------------------    -------------------
    G15                                               0.000     0.000 f  led_en (IN)
                         net (fo=0)                   0.000     0.000    led_en
    G15                  IBUF (Prop_ibuf_I_O)         0.220     0.220 f  led_en_IBUF_inst/O
                         net (fo=2, routed)           0.599     0.820    led_en_IBUF
    SLICE_X43Y54         LUT6 (Prop_lut6_I0_O)        0.045     0.865 r  clk_cnt[0]_i_1/O
                         net (fo=32, routed)          0.204     1.069    clk_cnt[0]_i_1_n_0
    SLICE_X42Y52         FDRE                                         r  clk_cnt_reg[8]/R
  -------------------------------------------------------------------    -------------------

                         (clock sys_clk_pin rise edge)
                                                      0.000     0.000 r  
    K17                                               0.000     0.000 r  sys_clk (IN)
                         net (fo=0)                   0.000     0.000    sys_clk
    K17                  IBUF (Prop_ibuf_I_O)         0.447     0.447 r  sys_clk_IBUF_inst/O
                         net (fo=1, routed)           0.683     1.130    sys_clk_IBUF
    BUFGCTRL_X0Y16       BUFG (Prop_bufg_I_O)         0.029     1.159 r  sys_clk_IBUF_BUFG_inst/O
                         net (fo=33, routed)          0.859     2.018    sys_clk_IBUF_BUFG
    SLICE_X42Y52         FDRE                                         r  clk_cnt_reg[8]/C

Slack:                    inf
  Source:                 led_en
                            (input port)
  Destination:            clk_cnt_reg[9]/R
                            (rising edge-triggered cell FDRE clocked by sys_clk_pin  {rise@0.000ns fall@4.000ns period=8.000ns})
  Path Group:             (none)
  Path Type:              Hold (Min at Fast Process Corner)
  Data Path Delay:        1.069ns  (logic 0.265ns (24.845%)  route 0.803ns (75.155%))
  Logic Levels:           2  (IBUF=1 LUT6=1)
  Clock Path Skew:        2.018ns (DCD - SCD - CPR)
    Destination Clock Delay (DCD):    2.018ns
    Source Clock Delay      (SCD):    0.000ns
    Clock Pessimism Removal (CPR):    -0.000ns

    Location             Delay type                Incr(ns)  Path(ns)    Netlist Resource(s)
  -------------------------------------------------------------------    -------------------
    G15                                               0.000     0.000 f  led_en (IN)
                         net (fo=0)                   0.000     0.000    led_en
    G15                  IBUF (Prop_ibuf_I_O)         0.220     0.220 f  led_en_IBUF_inst/O
                         net (fo=2, routed)           0.599     0.820    led_en_IBUF
    SLICE_X43Y54         LUT6 (Prop_lut6_I0_O)        0.045     0.865 r  clk_cnt[0]_i_1/O
                         net (fo=32, routed)          0.204     1.069    clk_cnt[0]_i_1_n_0
    SLICE_X42Y52         FDRE                                         r  clk_cnt_reg[9]/R
  -------------------------------------------------------------------    -------------------

                         (clock sys_clk_pin rise edge)
                                                      0.000     0.000 r  
    K17                                               0.000     0.000 r  sys_clk (IN)
                         net (fo=0)                   0.000     0.000    sys_clk
    K17                  IBUF (Prop_ibuf_I_O)         0.447     0.447 r  sys_clk_IBUF_inst/O
                         net (fo=1, routed)           0.683     1.130    sys_clk_IBUF
    BUFGCTRL_X0Y16       BUFG (Prop_bufg_I_O)         0.029     1.159 r  sys_clk_IBUF_BUFG_inst/O
                         net (fo=33, routed)          0.859     2.018    sys_clk_IBUF_BUFG
    SLICE_X42Y52         FDRE                                         r  clk_cnt_reg[9]/C

Slack:                    inf
  Source:                 led_en
                            (input port)
  Destination:            clk_cnt_reg[16]/R
                            (rising edge-triggered cell FDRE clocked by sys_clk_pin  {rise@0.000ns fall@4.000ns period=8.000ns})
  Path Group:             (none)
  Path Type:              Hold (Min at Fast Process Corner)
  Data Path Delay:        1.112ns  (logic 0.265ns (23.875%)  route 0.846ns (76.125%))
  Logic Levels:           2  (IBUF=1 LUT6=1)
  Clock Path Skew:        2.017ns (DCD - SCD - CPR)
    Destination Clock Delay (DCD):    2.017ns
    Source Clock Delay      (SCD):    0.000ns
    Clock Pessimism Removal (CPR):    -0.000ns

    Location             Delay type                Incr(ns)  Path(ns)    Netlist Resource(s)
  -------------------------------------------------------------------    -------------------
    G15                                               0.000     0.000 f  led_en (IN)
                         net (fo=0)                   0.000     0.000    led_en
    G15                  IBUF (Prop_ibuf_I_O)         0.220     0.220 f  led_en_IBUF_inst/O
                         net (fo=2, routed)           0.599     0.820    led_en_IBUF
    SLICE_X43Y54         LUT6 (Prop_lut6_I0_O)        0.045     0.865 r  clk_cnt[0]_i_1/O
                         net (fo=32, routed)          0.247     1.112    clk_cnt[0]_i_1_n_0
    SLICE_X42Y54         FDRE                                         r  clk_cnt_reg[16]/R
  -------------------------------------------------------------------    -------------------

                         (clock sys_clk_pin rise edge)
                                                      0.000     0.000 r  
    K17                                               0.000     0.000 r  sys_clk (IN)
                         net (fo=0)                   0.000     0.000    sys_clk
    K17                  IBUF (Prop_ibuf_I_O)         0.447     0.447 r  sys_clk_IBUF_inst/O
                         net (fo=1, routed)           0.683     1.130    sys_clk_IBUF
    BUFGCTRL_X0Y16       BUFG (Prop_bufg_I_O)         0.029     1.159 r  sys_clk_IBUF_BUFG_inst/O
                         net (fo=33, routed)          0.858     2.017    sys_clk_IBUF_BUFG
    SLICE_X42Y54         FDRE                                         r  clk_cnt_reg[16]/C

Slack:                    inf
  Source:                 led_en
                            (input port)
  Destination:            clk_cnt_reg[17]/R
                            (rising edge-triggered cell FDRE clocked by sys_clk_pin  {rise@0.000ns fall@4.000ns period=8.000ns})
  Path Group:             (none)
  Path Type:              Hold (Min at Fast Process Corner)
  Data Path Delay:        1.112ns  (logic 0.265ns (23.875%)  route 0.846ns (76.125%))
  Logic Levels:           2  (IBUF=1 LUT6=1)
  Clock Path Skew:        2.017ns (DCD - SCD - CPR)
    Destination Clock Delay (DCD):    2.017ns
    Source Clock Delay      (SCD):    0.000ns
    Clock Pessimism Removal (CPR):    -0.000ns

    Location             Delay type                Incr(ns)  Path(ns)    Netlist Resource(s)
  -------------------------------------------------------------------    -------------------
    G15                                               0.000     0.000 f  led_en (IN)
                         net (fo=0)                   0.000     0.000    led_en
    G15                  IBUF (Prop_ibuf_I_O)         0.220     0.220 f  led_en_IBUF_inst/O
                         net (fo=2, routed)           0.599     0.820    led_en_IBUF
    SLICE_X43Y54         LUT6 (Prop_lut6_I0_O)        0.045     0.865 r  clk_cnt[0]_i_1/O
                         net (fo=32, routed)          0.247     1.112    clk_cnt[0]_i_1_n_0
    SLICE_X42Y54         FDRE                                         r  clk_cnt_reg[17]/R
  -------------------------------------------------------------------    -------------------

                         (clock sys_clk_pin rise edge)
                                                      0.000     0.000 r  
    K17                                               0.000     0.000 r  sys_clk (IN)
                         net (fo=0)                   0.000     0.000    sys_clk
    K17                  IBUF (Prop_ibuf_I_O)         0.447     0.447 r  sys_clk_IBUF_inst/O
                         net (fo=1, routed)           0.683     1.130    sys_clk_IBUF
    BUFGCTRL_X0Y16       BUFG (Prop_bufg_I_O)         0.029     1.159 r  sys_clk_IBUF_BUFG_inst/O
                         net (fo=33, routed)          0.858     2.017    sys_clk_IBUF_BUFG
    SLICE_X42Y54         FDRE                                         r  clk_cnt_reg[17]/C





